0,720,615,66,776,71,192,532,161,292,639,27,262,129,338,558,308,548,538,296,692,439,278,394,462,275,492,860,378,369,688,782,638,722,473,971,491,233,759,849,610,370,21,337,735,678,609
1,547,782,649,888,554,560,333,902,13,245,624,539,414,580,652,925,718,632,636,343,548,346,956,577,9,141,213,861,397,593,703,836,845,312,886,520,504
2,684,205,682,419,296,606,638,323,577,456,715,428,286,567,374,130,950,607,498,910,516,990,972,270,334,307,768,347,630,16,823,807,574
3,442,344,279,157,425,532,945,115,461,739,153,224,939,56,575,437,37,629,658,217,13,535,589,367,552,142,410,42,11,473,174,538,678,870,269,100,445,351,569,924,395,93,127
4,697,339,71,875,496,402,528
5,865,682,527,145,679,156,312,896,803,637,635,144,593,193,676,216,890,931,747,677,323,930,396,158,341,41,860,899,549,339,57,123,923,473,536,914,777,272
6,761,871,954,795,547,522,339,290,556,578,88,663,245,124,165,412
7
8,180,220,713,99,986,875,562,937,555,821,784,86,32,82,620,779,288,71,130,160,37,868,307,426,678,495,793,710,245,84,522,582,916,558,235,301,524,578,373,827,630
9,658,68,237,677,136,361,912,586,695,833,375,929,535,996,773,693,706,397,740,591,97,803,789,501,352
10,448,73,398,634,749,557,733,957,207,397,791,866,251,960,821,953,104,572,248,533,281,735,839,752,256,801,946,664,40,757,178,679,759,94,851,736,838,646,471,269,111,226,720,782
11,17,217,84,396,467,369,771,660,574,811,188,778,100,504,809,972,952,917,54,622,121,684,478,561,27,916,332
12,71,464,735,155,825,472,500,210,867,380,868,729,948,630,104,938,528,116,887,614,233,365,223,770,963,840,671,495,113,523,672,984,645,396,955,999,412,702,786,997,678,843,409,398
13,146,260,793,638,647,483,855,660,278,528,12,431,279,122,899,590,646,181,841,366,932,110,740,845,300,440,185,993,664,280,764,842,704,985,522,505,508,581,107,76,690,602,276,159
14,76,296,800,990,908,550,798,323
15,878,63,141,54,789,423,65,441,917,178,200,846,788,694,662,157,546,249,615,475,279,970,654,568,835,366,0,469,954,349,493,60,992,575,5,536,959,771,555,984,185,56,75
16,788,595,194,258,912,422,1,39,338,689,15,253,62,48,883,748,202,583,782,348,403,206,203,885,519,488,255,406,166,773,623,490,453,880,536,960,986,513,172,469,3,821,378,438,483,80,432,486
17,295,788,973,735,156,63,202,998,299,870,218,140,206,715,999,865,72,135,263,960,395,582,670,931,636,622,628,174,442,354,903,604,780,521,553,237,765,101,242
18,138,489,486,554,559,206,186,326,812,44,553,533,655,609,150,195,940,468,885,297,442,697,595,248,174,663,407,686,443,875,187,75,414,591,393,720,800
19,765,241,568,614,933,674,573,447,585,594,340,985,755,214,215,391,136,325,849,768,953,130,138,913,844,334,148,460,484,524,633,150,989,316,574,814,0,732
20,583,770,214,401,460,894,269,178,646,118,54,514,819,390,614,248,377,659,402,704,542,874,374,343,890,820,323,899,745,822,283,616,238
21,945,1,12,562,315,189,414,346,128,843,446,386,227,407,689,808,706,981,419,987,569,31,656,692,396,948,39,842,462,812,628,177,86,194,84,601,19,442,553,505
22,262,943,292,616,60,493,970,172,732,866,258,566,233,614,388,817,299,581,79,125,445,729,843,327,657,582,635,370,706,131,366,780,371,363,278,320,966,313,816,707,595,735,237,671,752,723,416
23,847,591,255,578,812,78,59,967,737,218,853,112,297,555,655,702,989,442,549,775,286,611,526,403,496,225,3,834,166,907,794,209,432,404,367,396,950,657,272,960,995,955
24,516,812,151,373,546,446,524,277,263,527,352,137,908,313,334,37,291,845,349,485,54,872,178,294,604,262,35,756,288,555,558,439,561,418,614,278,827,656,932,831,553
25,117,826,787,162,414,556,668,925,47,597,196,224,891,560,206,671,36,623,487,662,221,508,926,58,406,697,674,582,218,104,23,624,649,292,571,16,84,795,546,737,51,250,316,790
26,855,401,967,392,79,612,34,7,793,898,347,673,659,900,762,563,735,703,744,930,897,45,37,692,232,236,448,674,902,573,916,114,966,711,868,937,657,946,819,30,277,87,306,41,399,498
27,246,118,607,43,72
28,571,733,528,670,780,306,485,527,241,647,822,321,763,790,286,559,350,503
29,111,15,211,146,200,103,527,560
30,233,533,111,885,470,383,739,748,130,981,72,348,946,262,890,101,189,442,425,725,188,478,704,870,560,790,531,659
31,80,414,97,51,756,236,460,194,458,480
32,802,820,193,41,523,734,536,808,916,607,618,906,99,201,108,519,678,290,569,705,457,915,677,521
33,255,789,383,758,701,778,676,422,575,162,290,601,698,428,464,201,503,592,616,706,863,79,82,426,289,526,307,808
34,122,513,519,600,759,333,74,505,825,843,934,68,830,125,558,82,659,23,596,311,778,349,890,15,348,916,456,875,286,690,544,132,839,438,186,292,610,188,6,620,189,589,616
35,87,162,440,423,525,975,666,427,34,612,863,263,852,739,636,605,890,840,184,708,793,42,316,208,318,501,218,585,670,137,432,681,502,555,796,174,290,518,214,182,613,819,595,401,455,232,940,458,757
36,794,91,727,58,725,100,760,403,823,518,92,963
37,219,871,394,284,297,508
38,523,468,912,753,79,281,328,875,88,453,339,344
39,263,623,137,793,891,452,174,434,615,313,484,147,763,136,824,229,573,352,555,903,220,973,609,749,773,270,760,916,131,296,696,105,924,613,211,132,325,775,816,582,214,892,614,366,168,870,396,887
40,966,685,300,95,7,196,735,99,798,426,496,188,250,425,760,229,715,963,236,600,288,881,172,610,11,482,716,986,292,64,913,736
41,163,527,470,177,724,604,603,645,919,514,533,281,295,761,178,979,836,975,37
42,568,756,326,1,618,622,888
43,663,435,146,653,797,846,336,273,293,645,229,399,884,531
44,130,270,937,871,81,984,976,4,87,193,226,843,142,619,70,581,628,108,762,773,436,802,908,850,810,251,857,50,165,496,767,662,719
45,603,458,999,559,951,790,550,64,374,724,128,380,835,657,886,523,306,672,34,519,646,67,177,492,720,338,667,574,50,622,792,495,486,932,613
46,115,283,916,131,154
47,895,544,279,78,817,432,429,629,11,441,576,610,210,462,655,384,273,939,97,772,879,399,347,884,437,394,299,30,958,621,638,867,905,382,474,138,0,513,792,122,486
48,822,546,418,308,127,96,177,872,481,154
49,753,736,996,789,680,540,221,117,649,920,538,633,301,497,939,237,151
50,811,884,502,854,338,793,551,484,711,354,640,194,15,541,98,114,13,995,785,974,84,734,264,97,582,68,177
51,2,140,391,242,293,916,112,583,239,445,369,65,753,887,672,321,696,62,152
52,169,286,23,345,754,85,748,671,679,278,809,785,800,473,897,952,67,899,457,161,904
53
54,376,666,366,122,187,678,652,224,560,752,932,556,764,429,563,847,826,892,443,85,36,269,747,16,760,395,203,112,874,766,283,488,178,432
55,146,770,386,937,175,991,99,111,97,614,6,254,424,949,645,457,893,192,95,106,465,305,858,969,810,866,934,38,603,786,973,426,946,696,269,654,483,575,820,388,374
56,255,625,256,389,691,962,184,362,460,975,179,49,203,854,740,454,448,939,830,764,932,373,841,489,518,980,542,404,472,327,1,471,293,698
57,399,273,92,504,688
58,694,283,582,837,248,340,62,456,13,947,883,948,383,85
59,467,550,984,34,758,689,620,376,564,823,639,795,839,919,821,65,347
60,867,877,379,566,768,243,582,749,140
61,200,427,39,606,123,573,89,903,835,357,452,763,748,447,382,611,367,914,433,198,396,970,292,559,578,395,393,992,598,865,791
62,290,199,2,788,968,615,780,450,428,539,189,921,959,622,78,438,888,415,196,401,668,835,695,977,687,575,410,503,403,903,69,563,973,286,566,670,751
63,246,821,383,715,439,926,951,448,43,211,406,797,968,860,37,680,58,514,857,877,734,112,266,178,668,560,144,396,62
64,647,839,232,972,571,397,902,321,553,545,924,239,506,398,622,507,595,645
65,47,483,712,158,90,587
66,386,170,676,547,780,176,294,752,915,748,704,948,55,325,342,400,489,219,143,747,192,655,263,928,214,502,207,683,703,841,592,881,487,184,549,934,789
67,143,399,975,462,57,301,162,754,778,47,12,317,882,760,1,840,161,228,331,608,243,643,297,851,480,25,444,552,333,831,924,124,95,295,394,404,493,51,679,33,900,533,727,929,965
68,348,183,679,477,96,666,47,969,208,918,656,80,638,13,14,381,852,870,761,415,178,69,900,355,227,742,508,41,571,516,818,439,123,858,966,919,871,903
69,263,309,89,134,581,916,192,742,661,689,670,831,168,604,817,985,962,625,51,854,241,483
70
71,285,859,106,608,950,22,675,627,284,423,332,362,733,83,253,438,775,8,596,521,536,365,815
72,464,58,455,678,737,924,183,802,546,164,674,561,751,469,457,568,104,599,411,554,50,321,625,16,127,718,133,717,610,196,859,818,517,665,966,7,370,643,406,713
73,325,527,146,151,664,4,474,900,761,45,413,223,885,962,500,316,702,685,904,749,843,602,609,156,343,620,481,980
74,144,37,184,333,386,691,997,918,619,577,179,340,148,66,583,797,316,187,448,510,860,770,413,957,109,551,131,395,878,588
75,599,389,222,684,967,877
76
77,187,89,27,58,537,935,83,214,527,177,891,660
78,643,563,991,494,352,915,658,785,408,562,354,117,33,211,6,481,21,665,140,701,748,435,545,815,766,826,60,606,895,243,871,801,707,461,309,277,256,475,391,774,486,724,465,20
79,858,296,841,680,405,777,14,154,780,850,724,579,183,645,598,410,64,205,740,933,166,123,626,420,526,56,613,544,673,955,128,637,744,485,963,612,416,193,404,863
80,734,183,661,840,464,488,416,321,849,984,962,892,370
81,555,818,740,719,236,716,724,611,401,133,539,873,205,3,17,665,860,411,25,573,217,30,560,293,840,979,239,822,614,794,89,6
82,590,795,377,573,844,961,592,228,617,299,689,83,969,332,91,984,565,751,467,703,207,403,219,433,363,295,770,968,698,404,843
83,981,275,282,79,250,992,190,391,33,374,991,754,564,375,453,548,62,1,231,630,957,260,718,776,270,636,127,503,603,318,571,882,772,782,348,621,462,183,936,778,82,246,346,784,556,739
84,283,756,448,464
85,16,397,484,280,181,223,330,844,751,935,526,328,574
86,875,480,702,94,85,742,888,364,775,438,377,357,222,805,670,121,24,516,166,295,540,421,603,970,909,277,481,886,527,407,248,28,375,123,696,131,732,460
87,109,560,698,816,633,26,757,434,561,728,647,421,529,894,948,313,205,782,658,390,797,235,440,583
88,551,169,148,962,155,525,343
89,99,600,454,996,734,181,586,780,112,835,427,645,56,289,6,930,169,54,979,80,998,613,316,898
90,971,116,698,437,207,414,947,586,992,755,700,740,77,143,711,509,97,15,883,262,247,659,168,712
91,919,679,211,477,286,893,620,367,827,7,273,36,717,92,296,82,415,862,191,108,649,634,729,491,979,340,975,220,690,949,417,64
92,217
93,609
94,231,264,730,779,784,625,527,81,776,768,486,895,52,365,495,155,375,561,752,96,83,79,58,762,409
95,322,989,621,354,404,734,953,546
96,83,371,108,774,70,582,879,660,418,285,565,164,681,886,596,344,213,542,109,533,690,456,286,851,98,251,222,576,212,790,899,551,615,21,367,414,666,704,634,686,966
97,707,986,502,203,999,831,213,254,794,624,186,513,954,205,176,106,542,558,454,920,280,169,782,997,507,237,19,61,679,428,872,620,626,443,60,770,521,369,940,957,418
98,532,96,159,385,753,505,558,273,724,887,176,666,893,289,213,866,329,324,829,389,976,483,939,649,859
99,668,425,938,106,913,613,881,703,660,546,442,536,756,221,328,962,281,152,134,351,272,805,412,824,402,385,557,279,503,447,135,275,711,701,113
100,238
101,416,964,735,798,880
102,872,187,256,398,915,216,48,344,676,421,246,167,38,136,19,263,193,403,189,454,198,95
103,238,523,500,617,861,329,598,780,370,938,621,17,493,505,1,743,580,554,760,758,222,536
104,480,62,509,328,994,966,500,357,745,525,818,401,642,911,35,271,290,959,434,604,355,345,756,156,724,889,305
105,142,23,599,513,907
106,956,169,178,404,585,47,840,209,387,597,225,296,685,524,460,307,424,814,712,827,450,996,285,36,15,868,555,92,29,292,849,578,662,332,870,689,863,360,808,467
107,395,670,388,535,132,578,78,314,985,818,928,45,784,345,912,442,704,619,336,62
108,620,994,465,593,81
109,352,311,766,198,1,914,618,503,540,772,657,81,33,35,281,881,797,705,116,543,551
110,930,629,821,316,971,938,290,915,241,40,471,808,851
111,571,517,700,318,403
112,84,821,684,465,133,187,3,171,403,514,801,109,467,283,983,239,258,316,392,300,445,724,241,26,693,139,153,589,76,362,967,13,807,954,746,413,574,850,97,492,134,28,701,4,962,248,877
113,69,952
114,115,677,130,899,872,335,595,887,203,821,208,771,763,948,983,323,835,239,161,219,506,48,140,413,646,343,712,634,76,291,422,541,566,877,200,931,241,228,249,151,370,434,306,685,366,518,847,906
115,595,149,109,574,294,215,724,337,107,718,962,555,210,38,198,532,464,10,387,491,409,563
116,447,615,924,139,358,622,648,731,333,758,776,344,893,162,695
117,398,358,923,116,839,774,537,750,598,904,701,112,99,345,594,899,152,763,156,585,692,427,322,778,474,582,3,627,275,737,189,746,447,53,64,932,522,10,289,971,842,260,655
118,663,552,969,188,145,160,48,926,717,753,174,29,45,500,494,441,803,840,676,870,612,400,854,290,207,465,697,956,484,26,539,828,256,516
119,716,276,152,117,118,8,31,853,695,822,96,795,928,653,469,766,538,834,425,329,840,242,506
120,816,745,493,76,8,598,695,269,224,627,273,52,134,32,326,246,687,251,544,592,827,294,410,157,260,572,560,300,729
121,27,805,889,391,367,552,735,149,453,219,556,657,345,751,708,412,182
122,733,688,652,835,969,956,77,830,593,713,32,761,260,568,254,949,762,618,177,490,646,805,422,971,863,339,145,780,277,582,440,235,613,524,71,238,109,283,407,0,720,94,857,525
123,544,157,73,334,731,673,642,355,327,25,18,905,229,543,236,426
124,671,646,22,478,78,778,816,920,883,255,480,456,649,637,512,674,696,207,545,524,403,89,661,260,793,652,621,187,170,322,724,175
125,542,407,6,412,816,961,371,422,446,561,109,518,124,790,427,792,202,747,474,568,86,926,552,688,110,563,509,242
126,615,340,396,782,749,966,64,513,638,393,517,204,508,154,185,115,923,548,436,12,962,755,524,547,189,384,784,740,675,194,632,435,799,769,14,227,455
127,154,385,437,401,919,53,322,983,452,761,928,155,350,931,348,126,914,865,63,510,485,228,26,622,151,699,743,399,878,754,629,514,352,779,809,47,812
128,75,187,45,683,181,318,311,492,363,183,637,686,689,365,159,171,481,687,294,934,246,475,266,231,622,126,824,235,462,92,661,350,950,744,323,69,298,880,830,976,673,918,143,343,417,807,962,305,647
129,377,7,156,577,389,109,450,58,985,340
130,836,789,572,165,133,223,932,522,229,790,899,792,717,561,554,926,451
131,444
132,436,14,48,626,755,417,519,607,679,867,117,100,360,533,280,855,58,325,725,212,678,89,796,21
133,51,551,465,59,112,291,645,190,861,216,981,759,704,635,471,907,823,848,175,260,363,984,774,344,171,199,78,949,381,681,622,885,370,6
134,136,735,345,575,983,931,70,964,199,420,68,234,55,296,338,147,123,187,442,663,305,577,175,743,383,673,650,646,486,298,141,309,489,163
135,993,659,245,199,918,611,185,113,596,738,439,836,849,443,295,72,804,103,687,517,938,238,96,645,665,825,547,436,735,976,649,356,963,156,813,49,328,846,892,300,653,216,167,154,428,798,17
136,552,579,492,83,892,874,97,498,771,553,646,357,124,742,829,893,333,827,323,252,543
137,715,99,620,327,639,69,679,636,465,748,277,185,266,985,771,92,503,738,917,121,743,103,618,288,802,621,352,111,387,381,895,880,16,575,384,190,501,975,116,462,693,680,994,499,527,564,400,617,705
138,460,963,299,136,344,218,987,865,232,815,658,917,484,757,149
139,582,374,963,986,936,780,69,230,231,605,8,443,429,814,423,198,414,460,35,192,919,457,28,375,468,103,202,408,520,311,128,895,96
140,870,560,823,203,59,166,559,788,10,670,318,952,852,834,520,756,79,820,269,422,727,178,390,86,182,328,483,280,780,877
141,923,377,547,850,269,192,288,385,138,329,72,344,966,899,174,865,700,82,699,744,0,285,282,315,54,559,11,16,890,716,645,556,438,863,712,446,586,333,879,802,196,968,146
142,263,401,330,416,375,717,317,635,578,467
143,735,810,775,77,439,896
144,171,356,882,790,690,217,32,543,590,7,389,365
145,404,194,535,685
146,889
147
148,590,736,531,753,194,446,713,623,280,639,483,123,16,358,157,138,289
149
150,789,335,370,617,909,338,969,948,250,92,195,469,170,282,271,510,519,2,292,784,975,708,249,190,135,415,134,333,797,861,139,780
151,816,919,194,786,137,122,664,550,790,692,200,55,144,808,520,290,383,359,875,975,589,811,845
152,42,677,934,87,309,98
153,106,662,606,936,272,386,823,904,522,241,203,749,8,659,511,741,961,926,18,461,424,34,541,478,160,785,255,658,735,750,801,1,4,337,113,960,947,839
154,241,110,342,469,923,674,143,489,822,826,122
155,347,424,913,554,682,937,741,816,330,369,32,833,480,263,285,945,336,628,327,66,538,871,551,512,116,76,755,874,17,719,106,423,471,779,372,417
156,866,806,555,484,535,643,667,678,272,886,492,89,945,997,447,815,151,76,389,123,293,33,150,510,823,231,629,107,884,918,486
157,133
158,550,28,903,841,423,316,682,490,74,385,167,109,327,610,749,474,592,280,747,405
159,808,216,929,143,866,552,508,959,915,803,639,654,283,61,525,241,996,70,294,461,764,206,346,413,800,724,991,48,520,444,350,691,97,697,898,865,99,502,264,999,72,495,575,271,123
160,804,957,638,872,506,300,966,241,946,624,527,698,470,827,309,51,68,54,853,658,988,789,984,135,196,503,2,687,985,779
161,627,229,802,937,52,694,769,464,887
162,680,782,81,531,165,93,80,109,502,312,359,452,628,190,329,454,686,588,7,43,608,487,973,702,774,229,416,737,332,920,637,959,853,26,137,320,232,90,728,508,37,11
163,247,745,425,733,23,810,155,899,971,829,306,953
164,779,422,880,851,135,764,694,857,209,167,258,246,381,444,551,433,397,478,995,41,571,554,914
165,99,704,755,543,637,911,172,801,616,612,209,952,898,943,861,468,170
166,724,786,456,553,441,403,740,735,472,996,585,68,89,174,50
167,145,939,875,785,891,886,67,452,507,5,975,763,909,262,792,822,110,960,799,255,91,863,710,211,920,286,631,86,892,712,718,656,738,241,694,289,736,235
168,42,758,277,552,566,456,789,886,335,983,352,990,592,289,358,139,441,911,720,478,918,84,839,787,213,438,774,136,654,160,381,618
169,865,714,771,212,189,970,516,365,693,285,554,60,717,623,976,41,371,186,409,946,47,697,9,407,411,528,440,160,471,713,239,266,540,48,474,853,861,172,945,581,246,26
170,860,646,896,500,702,563,719,452,341,468,446,467,899,63,934,954,513
171,734,270,357,658,407,695,122,76,762,794,568,334,288,206,380,805,778,350,622,169,867,917,85,786,672,710,979,804,403,482,421,768,770
172
173,842,725,716,239,436,398,997,748,858,857,711,144,276,945,492,389,626,322
174,489,504,589,838,51,348,499,622,475,350,911,898,807,484,757,105,717,403,309,610,9,609,454,121,677,465,63,440,535,745,828,611,508,889,443,833,774,436,860
175,953,835,534,520,718,836,680,933,190,284,649,47,337,972,734,467,92,89,138,374,360,764,177,648,152,616,588,767,544,681,660,906,508,26,613,769,892,758,652,120,36,893,813,444,695
176,745,539,269,396,432,48,67,238,108,811,185,654,599,347,553
177,301,352,758,884,829,635,147,456,14,527
178,823,190,508,891,394,601,542,390,552,706,364,522,760,681,455,1,325,478,925,165,796,462,874,790,608,800,638,483,729,191,158,494,170,291,559,409
179,784,290,936,355,347,960,779,749,227,448,655,115,878,228,232,734,596,0,317,200,744,519,183,541,905,535,601,894,560,145,987,741,393,907,359
180,176,477,81,299,432,967,723,609,900,219,855,63,727,111,975,478,543,840,670,131,204,534,423,762,346,242,505,556,959,597,555,545,734
181,789,221,224,748,740,233,639,242,81,66,382,215,232,727,871,64,138,683,123,755,823,21,115,986,337,39,359,991,295,539,1,120,480,85,990
182,563,77,817,908,296,473,804,971,989,575,108,43,321,200,241,888,413
183,920,666,568,152,938,645,995,49,290,261,499,331,434,248,849,567,167
184,349,716,774,47,636,683,128,182,134,306,50,491,112,572,747,327,956,725,810
185,739,212,652,389,453,761,295,291,533
186
187,101,193
188,402,375,185,985,519,693,541,951,965,40,724,569,328,276,615,581,358,553,705,258,971,442,638,217,432,362,83,660,313,574,720,654,731,23,109,916,656,699,777,333,228,496,563,352,966,390
189,650,409,345,805,346,415,52,575,117,471,704,101,250,788,50,385,591,233,209,399,661,148,756,146,19,900
190,890,497,661,159,973,165,956,384,600,677,694,484,73,843,25,296,598,793,506,799,761,904,372,631,350,994,371,550,578,157,182,33,689,483,343
191,837,113,210,363,276,44,96,969,172,446,80,24
192,165,731,795,581,717,833,351,546,325,231,708,320,529,754,41,468,940,553,364,40,334,652,256,935,168,143,914,403,712,429,314,61,9,755,716,359
193,785,417,746,673,908,623,915,392,970,484,676,593,594,620,83,480,367,934,679,99,687,776,376,583,187
194,235,795,79,674,772,16,649,168,160,710,130,345,520,337,140,827,484,448,62,988,959,601,172,423,401,474,914,461,690,626,460,907,24,164,943,909,339,207,550,556,767,447
195,322,625,500,446,206,533,692,58,80,740,64,844,842,307,504,662,992,270,708,63,723,568,957,421,339,554,860,139,418,323,553,624,572,599,43,13,371,216,53,16,239,250,400,448,845,499,145,521
196,188,298,514,236,157,910,480,981,118,107,629
197,564,499,914,698,192,589,894,986,905,317,551,356,322,540,676,920,694,53,885,809
198,734,602,493,509,695,769,336,468,914,963,71,342,181,691,250,797,367,138,931,178,724,918,426,142,243,113,533,88,624,815,40,921,732,192,648,617,145,752,564,461,741,672,597,642,143,37,693,32,572
199,362
200,421,474,445,483
201,893,492,297,805,980,694,841,838,484,514,136,325
202,636
203,779,489,910,534,792,962,255,30,628,547,59,598,865,76,751,373,585,897,743,665,143,261,926
204,36,759,952,894,169,7,911,923,244,354,545,882,121,384,786,792,918,855,779,32
205,344,567,725,972,64,806,779,740,65,712,840,582,335,126,501,542,689,947,486,135,586,86,996,945,826,607,849,230,224,429,795,392,878,875,604,589,890,591,308,809,971,539,356,963,566
206,116,895,902,223,333,372,506,572,712,289,761,667,380,745,824,725,95,628,777,452,920,179,980,924,645,70,600,249,143,401,552,791
207,358,78,657,485,965,22,350,697,399,964,731,74,202,2,623,376,990,217,701,7,802,393,946,844,374,952
208,49,543,20,649,251,170,425,532,500,741,909,953,413,521,179,933,992,602,628,955,156,805,221,322,16,172,419,897
209,766,745,445,899,330,70,216,846,819,416,404,535,225,920,50,192,124,49,345,176,421,200,653,871,447,564,336,793,848,184,196,435
210,646,297,566,546,943,68,24,946,623,547,594,642,190,178,441,309
211,360,253,397
212,258,162,27,960,725,936,618,758,817,633,598
213,57,934,202,341,382,78,455,760,555,0,946,44,132,210,392,683,170,125,725,920
214,862,722,810,653,400,31,895,650,969,729,774,715,399,811,329,841,206,531,48,416,992,2,518,489
215,761,473,724
216,928,934,779,930,219,943,35,201,335,175,847,272,113,939,621,558,908,421,567,937,854,532,132,214,76,234
217,860,30,26,187,78,411
218,355,881,678,15,508,96,792,431,481,728,28,993,472,21,16,387,139,62,570,442,649,11,865,199,969,934,226,308,971,331,320,889,83
219,143,676,653,668,334,196,963,911,704,597,189,147,263,776,890,558,800,634,94,497,786,202
220,123,132,733,564,316,771,422,722,411,872,0,261,272,750,706,691,898,325,640,521,813,105,417,84,880,308,536,765,2,125,798,340,386,491,523,983,364,955,215,862,953,86,587,535,550,729,885,305
221,730,56,839,132,717,658,115,505,224,263,203,380,297,18,853,648,186,836,915,662,6,587,171,991,806,348,12,411
222,169,731,407,306,621,286,931,245,956,570,905,206,975,803,92,817,134,362,844,592,640,729,483,185,186,498,439,27,90,575,602,614,549,357,266,374
223,727,160,595,349,707,235,938,924,701,633,384,365,983
224,598,186,305,750,279,694,855,111,62,338,552,886,193,888,676,553,13,653,657,220,731,63,751,290
225,742,593,324,398,25,176,467,469,27,465,678,309,89,500,175,532,739
226,542,592,234,647,833,842,211,367,930,120,653,762,153,993,217,609,76,684,650,157,926,843,87,882,12,113
227,595,596,343,311,557,18,867,440,474
228,675,734,542,795,732,35,37,419,691,812,964,397,191,395,224,193,418,52,470,162,645,800,104,296,33,227,915,517,629,553,938,160,376,438,581,450,330,21,38,836,635,168,442
229,473,365,878,355
230,187,56
231,242,457,657,589,6,128,41,352,650,316,414,371,590,218,893,150,332,97,847,685,354,928,75,784,890,163,388,966
232,866,731,993,682,22,51,725,454,248,914,999,101,134,692,426,35,654,989,72,514,443,347,981,769,166,744,698,69,997,491,478,317,238,193,360
233,138,631,763,691,739,947,667,650,921,160,892,881,117,122,443,858,906,953,680,714,945,973,182,253,29,175,840,131,382,374,582,408,991,434,25,192,51,776,179,334,141,980,148,720
234,742,405,204,327,640,673,107
235,53,996,588,81,89,851,91,866,414,75,625,947
236
237,491,94,487,638,572,282,290,836,768,767,951,399,650,616,652,372,592,647
238,997,716,541,677,676,53,602,283,859,317,193,797,311,660,384,332,216,939,441,981,904,52,504,620,213,670,360,672,237,799,228,895,517,179,159,650,737,921,212,940,380,967,188,972,806
239,1,666,920,277,164,807,258,2,305,977,602,380,670,799,371,561,871,606,42,868,955,104,363,411,935,570,842,985,948,283,111,352,301,894,686,500,505,254,870,5,765,53,687,93,836,675
240,335,149,110,748,829,44,460,823,501,836,172,650,686,174,170,100,337,563,289,199,234,675,390,722,153,71,68,887,977,744,442,803,397,770,221,667,634,179,275,804,53,653,771,689,564,448,355,957,666
241,820,992,981,202,537,658,570,366,930,944,346,100,544,35,762,867,471,334,49,971
242,418,195,995,737,385,427,573,15,771,413,346,176,223,243,301,634,291,157,148,349,583,416,812,350,465,372,251,870,915,273,791,562,369,394,936,456,678,604,700,512
243,953,997,169,659,13,230,605,543,9,861,97,264,60,514,83,957,154,45,612,760
244,656,298,684,668,745,522,759,176,529,872,520,547,163,975,11,418,406,183,374,586,446,785,516
245,656,146,616,0,141,443,687,122,574,674,761,817,323,947,535,115,405,581,143,971,234,555,178,984,961,125,835,562,518,437,406,591,699,62,458,884,28,887,796,511,909,4,874,441,770
246,161,249,683,736,892,99,801,154,137,144,705,579,609,815
247,736,692,545,161,673,991,930,561,851,860,180,255,283,693,236,697,226,888,117,406,76,493,538,492,213,794,395,382,348,910,358,345,628,360,311,739
248,164,903,440,777,977,789,82,830,884,202,297,450,296,243,444,793,233,652,997,74,817,883,707,553,354,814,105,532,338,90,516,880,92,242,881,583,818,352,677,200,456,627,758,924
249,309,150,888,395,775,985,780,269,987,620,646,446,957,404,722,96,817,797,79,665,88,586,579,482,437,790,442,41,374,146
250,944,807,898,408,219
251,572,724,356,281,488,849,815,990,195,423,979,977,847,457,919,910,594,196,445,127,791,181,224,51,907,523,643,473,623,81,313,152,797,642
252,329,697,72,185,200,378,140,668,900,470,637,538,91,406,434,32,674,489,317,126,858,924,208,615,955,13,892,495,784,175,760,290,916,223,473,33,940,136,272,926,264
253,548,488,671,699,794,114,229
254,215,541,115,14,410,834,958,806,331,132,644,909,918,652,107,76,784,764,120,250,349,756,345,407,875,899,936,694,502,5,852,184,745,859,566,966,889,596,110,106,976,101,630
255,708,682,247,800,839,637,425,932,396,9,924,239,400,62,870,386,595,775,593,36,605,457,516,886,803,307,993,104,512,365,327,731,592,438,526,916,624,934,719,378,865,116,718,236,308
256,296,394,170,294,182,990,484,556,470,308,855,395,578,184,944,842,212,877,372,289,850,143,506,626,928,62,457,871,34,761,198,953,678,313,670,810,601
257,76,938,768,658,692,867,341,279,17,486,521,816,661,78,121,285,747,65,587,325,312,638,44,412,807,571,164,20,381,636,394,518,821,227
258
259,433,891,903,121,487,456,314,592,723,893,507,123,134,873,363,667,499,164,215,340,498,411,8,258,875,523,492,294,680,626,529,241,383,520,288,427,981,663,317,398,925,516,798,157,126,773,830,962
260
261,132
262,995,382,207,820,72,510,232,663,79,129,392,625,681,799,729,427,436,731,945,529,703,947,914,916,861,220,634
263,531,291,11,214,262,446,556,776,617,616,327,220,581,761,33,570,411,148,252,573,286,352,229,81,133,235,415
264,792,326,395,973,154,385,307,674,69,323,262,172,229,965,437,209,948,884,25,711,122,413,534,297,592,566,505,458
265,834,230,255,757,966,372,659,849,247
266,531,958,670,482,548,391,596,161,840,519,346,776,702,785,132,218,757,559,720,243,580,563,185,49
267,897,363,253,765,325,426,920,49,273,412,704,983,615,559,866,22,773,344,321,395,494,625,356,561,348,414,998,806
268,397
269,409,330,983,504,803,843,679,980,921,634,94,633,411,914,705,70,981,296,231,959,502,131,67,970,874,139,311,626,393,658,179,948,0,106,969,951,307,655,360,114,298,676,227,150,594,654,10
270,357,204,926,293,875,652,364,18,369,141,640,340
271,673,508,280,718,875,676,960,573,129,926,594,655,118,184,882,675,967,154,517,104,703,498,395,752,90,582,688,209,314,91,431,45,593,909,131,785,916,504,444,986,425,178,138,837,571
272,371,845,962,156,860,398,201,640,404,880,330,112,975,939,207,923,414,934,293,578,50,35,388,639,130,220,617,752,768,63,440
273
274,405,348,865,947,803,551,680,343,97,993,206,882,609,408,471,878,121,179,896,597,505,70,562,340,468,740,492,565,844,37,134,990,913,241,397
275,944,117,258,239,356,408,60,172,131,150,291,904,900,711,550,618,437,741,361,186,401
276,71,69,7,413,249,361,327,607,393,376,585,336,252,838,701,970,742,976,756,519,896,139,510,497,292,214,853,31
277,582,103,660,234,964,601,285,704
278,902,623,496,877,991,227,752,796,776,810,47,0
279,387,979
280,860,405,769,504,848,251,961,983,40,687,552,930,128,966,851,675,580,99,155,912,428,597,850,157,43
281,221,248,116,72,989
282,182,837,67,294,283,747,799,58,480,6,796,458,665,813,225,790,50,958,538,666,70,736,890,906,761,540,937,846,960
283
284,553,989,595,1,905,277,55,33,813,333,410,43,843,373,109,497,307,137,751,441,503,548,506,15
285,900,18,902,416,794,588,642,706,699,761,308,321,337,691,50,230,517,516,627,577,388,35,124,789,926,809,254,169,925,355,630,877,372,375,343,184,22,437,552,981,951,807
286,893,213,140,511,167,632,795,744,331,888,422,355,631,645,228,312,767,273,328,409,514,846,153,763,97,486,608,483,349,647,478,682,667,204,567,646,370,252,221,201,513,755,843,946,364,247,91,263,322
287,236,421,45,245,483,367,960,77,429,124,140,227,609,376,58,201,738,195,86
288,249,896,787
289,421,565,597,156,56,243,753,528,413,246,895,480,712,543,723,460,80,931,847,503,200,383,351,762,394,598,564,624,975,182
290,159,616,955,428,39,645,585,896,981,41,133,893,311,83,392,115,769,349,113,853,918,253,4,114,260,374,427,300,454,231,57,807,825,139,460,69,238
291,844,365,113,249,271,431,549,11,191,556,211,419,140,794,175,600,627,958,854,25,836,666
292,207,314,77,973,738,946,615,919,57,733,525,965,372,963,284,944,423,155,111,573,172,699,509,316,519,524,301,858,661,674,76,406,232,289,915,138,538,507,779,124,776
293,925,342,565,803,38,455,226,187,545,639,172,527,882,499,2,347,101,357,691,146,696,306,500,62,679,87,493,899,970,916,125,450,943,114,276,790,436,203,574,667,511,393,875,205,457,382
294,729,672,578,161,852,447,33,493,555,967,923,174,69,66,929,17,81
295
296,740,155,31,75,169,178,106,188,994,370,284,769,29,524,177,802,665,273,694,933,341,571,889,732,66
297,699,749,35,657,834,435,542,74,155,474,540,712,527,419,789,114,328,367,600,28,552,215,720,947,879,654,43,777,31,339,804,853,289,486
298,182,839,635,920,692,179,578,253,893,883,593,543,653,612,351
299,973,395,485,655,678,723,827,161,314,520,323,272,288,802,870,112,762,989,330,3,812,341,547,380,567,425,872,772,958,232,190
300,840,729,707,152,507,649,289,903,120,648,550
301,546,829,923,34,983,29,157,748,731,817,285,67,841,867,509,705,212,156,790,577,724,855,76,423,384,764,450,888
302,696,969,739,75,704,281
303,813,861,416,949,220,254,521,435,8,630,460,646,69,969,985,535,74,329,390,556,338,289,172,524,210,700,643,812,161,732,713,522,513,269,815,100,94,244,282,925,301,156,913
304,447,662,6,687,738,434,367,722,835,683,563,136,73,580,25,799,20,248,661,40,381,604,161,743,264,296,744,343,987,429,170,632,655,155,467,527,860,14,176,702,713,710,7
305,814,467,59,178,44,27,759,560,738,712,988,896,529,344,652,517,735,756,464,394
306,744,483,576,595,547,695,318,253,222,325,822,145,749,275,387,929,624,995,851,99,11
307,299,138,456,74,341,489,234,81,432,906,672,717,677,845,747,745,172,704,514,236,963,245,957,828,525,159,865,278,105,760,339,859,507,6,522,147,623,124
308,313,250,462,747,600,138,494,252,320,329,646,911,87,797,623,802,79,801,846,85,690,378,989,276,933,563,970,26,768,758,777,72,90,53,239,96,587,691,243
309,997,913,258,884,17,557,170,807,35,411,534,814,350,801,953,65,221,5
310
311,940,578,716,66,279,559,857,683,875,42,62,824,329,925,873,327,497,740,552,386,408,454,852,480,912,748,464,865,646,594,191,817,406,144,677,68
312,567,44,729,385,178,114,586,336,34,590,213,410,772,227,928,582,163,220,408,932,417,298,284,246,818,164,330,118,141
313,492,350,758,93,762,803,177,857,600,477,837,106,22,451,185,840,968,115,498,7,421,188,447,633,893,315,787,792
314,650,454,367,805,708,278,624,603,914,226,356,756,532,64,57,694,150,514,86,654,62,935,411,710,524,618,565,120,549,208,861
315,656,399,819,791,8,204,294,706,775,897,549,640,553,802,608,873,862,322,965,359,341
316,264,919,5,836,695,125,472,416,370,351,235,749,667,29,682,767,923,55,39,810,452,892,574,704,968,936,654,6,929,691,628,690,335,797,371,649,163,418,36,571
317,80,149,957,819,488,788,42,192,542,913,834,868,229,407,306,330,263,438,883,269,946,590,49,215,553,85
318,789,582,916,904,980,600,722,104,64,931,411
319,653,962,671,582,24,407,804,949,551,177,309,222,60,144,764,160,323,885,249,100,947,433,798,907,902,497,665,467,914,852,128
320,177,141,640,821,794,485,193,435,362,904,195,404,613,800,16,827,413,906,660
321
322,921,252,898,652,955,292,518,40,528,396,239,378,931,639,379,251,196,209,817,928,105,45,618,484,998,488,677,511,551,962,280,523,915,857,958,937,10,263,478,933,591,706,398
323,256,769,617,842,824,386,275,762,194,566,501,330,354,730,615,792,483,670,793,511,503,939,655,219,739,88,946,177,988,376
324,769,166,600,137,358,129,228,94,8,494,444,879
325,271,787
326,243,14,293,826,362,282,535,693,332,524,497,958,521,175
327,867,761,926,634,298,519,48,968,241,346,600,574,324,558,156,765,117,473,727,456,919,457,983,632,357,757,316,2,931,680,365,933,981,552,372,414,653,960,742,743,914,799,505,915
328,316,85,904,647,961,799
329,672,825,569,104,711,82,995,955,47,18,170,897,163,619,701,877,65,943,486,90,824,490,493,14,507
330,685,181,818,282,688,548,952,195,408,763,233,213,552,17,92,992,732,784,666,582,594
331,269,404,912,256,84,909,999,899,596,110,400,68,609,953,755,49,194,528
332,511,618,216,468,919,498,936,675,435,260,983,311,282,162,93,807,973,24,478,740,169,96,485,755,14,594,412,293,458,420
333,141,706,840,454,352,890,446,826,749,581
334,833,647,985,472,518,26,77,242,961,664
335,633,678,639,254,770,294,379,465,431,406,769,163,969,482,908,305,551,924,803,212,847,98,636,190,328,414,239,297,286,897,603,778,964,364,206,446
336,943
337,586,890,151,991,188,132,482,158,106,987,883,380
338,502,79,331,746,710,771,734,526,294,776,315,100,765,620,391,692,174,902,428,617,222,454,775,994,767
339
340,670,657,960,472,694,911,952,988,93,506,359,740,356,536,405,785
341,973,431,168,915,20,815,481,759,482,547,621,64,527,587,401,843,970,724,56,663,74,159,933,872,826,375,27,606,685,469,174,874,272,454,819,804,494,665,318,83,433,338,189,611
342,91,242,79,188,723,554,178,360,233,451,273,180,653,990,263,534,887,163,929,10
343,163,424,770,450,948,610,373,223,924,143,387,841,807,745,426,759,193,232,977,636,16,561,531,22,74,542,152,969
344,891,61,605,826,452,417,610,884,359,410,674,989
345,84,507,395,488,499,910,98,950,590,326,238,210,489,827,527,646,478,596,602,898,176,621,66,261,563,169,882,604,427,408,61
346,33,164,931,137,580,564,227,894,446,97,174,269
347,451,694,725,0,340,964,775,253,818,112,675,583,969,397,899,195,976,743,468,155,823,280,405,118,276,902
348,900,234,831,341,850,707,60,88,389,423,874,681,741,664,905,86,559,634,262,78,944,545,597,270,588,763,184,484,715,952,439,58,63,12,593,833,278,115,865,917,175,485
349,952,248,760,822,568,608,226,505,892,636,893,167,737,80,419,921,491,339,332,138,727,199,294,327,32,905,139,912,883
350,18
351,26,919,975,903,322,774,547
352,680,566,291,14,849,831,593,764,317,350,760,763,562,988,539,610,572,634,460,951,612,48,588,16,926,490,32,332,278,446,861
353,174,192
354,581,806,207,684,573,212,330,509,904,549,863,540,855,381,409,935,753,595,646
355,434,176,365,636,884,583,447,670,672
356,284,894,36,735,112,70
357,41,719,351,396,493,43,421,496,800,871,3,455,165,21,945,753,494,975,27,925,838,897,706,34,389,674,616
358,188,621,578,653,622
359,787,412,356,94,798,935,24,135,421,866,370,315,719,675,123,165,565
360,474,482,201,81,506,788,615,545,689,151,821,800,83,134,164,315,846,733,28,45,624,504,131
361,751,347,666,20,397,115,581,247,103,193,724,117,680,175,882,151,798,283,761,264,513,785,432,717,123,100,27,618,73,509,261,697,676,932,365,292,563,874,317,59,700,49,621,320,829,216,426,527
362
363,959,660,702,507,112
364
365,414,710,716,171,296,715,778,291,700,553,456,923,810,146,248,503,883,868,444,131,802,969,645,382,782,250,655,693,243,344,10,521,135,443,662,90,962,833,172,751,665
366,784,291,82
367,354,100,570,934,640,536,863,262,718,667,207,332,255,494,639,68,881,573,918,528,399,90,444
368,158,408,553,343,138,47,634,722,414,964,909,88,75,578,54,162,288,537,979,406,360,81,410,963,377,691,954,988,720,596,670,974,241,551,62,16,676
369,176,140,21,796,554,498,411,656,614,877,674,300,509,113,437,742,828,99,161,462,361,997,547,190,473,415,100,800,571,105,491,121,23,976,775
370,971,109,748,690,497
371,561,340,291,492,52,973,907,846,586,347,554,649,526,593
372,700,215,469,562,674,49,995,611,103,120,680,928,701,731,879,614,699,34,104,151,396,796,77,13,612,3,387,360,536,550,506,264,480,275,261,623,994,326,98,364,787,820,190,344
373,795,427,87,348,222,968,228,766,421,710,389,672,610,917,362,244,59,519,594,1,648,493,273,511,183,532
374,495,156,581,69,507,701,289,805,688,80,347,839,661,538,932,568,271,266,897,243,393,455,178,905
375,28,971,526,66,661,117,874,895,759
376,281,78,224,333,683,47,635,206,707,963,139,652,994,156,897,955,1,566,580,187,22,700,996,477,987,539,768,925,151,653,292
377,335,511,662,370,647,106,222,8,741,613,724,321,612,396,736,55,749,318,126,89,409,654,711,961,297,834,695,135,684,48,971,68,826,147,730,837,231,166,848,531,596,487,401
378,906,648,965,494,122,563,821,96,894,445
379,862,684,61,748,433,729,601,773,629,969,342,585,761,799,176,359,140,43,490,230,728,223,117,194,386,150,90,245,221,123,919,762,743,435,697,180,249,873,392,404,855,947,916,305,906,371,384
380,312,872,189,442,12,294,205,662,135,17,383
381,465,447,480,429,862,264,800,604,579,446,837,533,842,86,795,588,955,569,141,87,324,685,694,563
382,988,220,499,919,174,362,438
383,242,464,435,294,897,784,962,168,125
384
385,536,828,583,201,133,532,920,578,638,2,678,269,844,661,288,749,341,377
386,655,149,503,192,249
387,993,936,32,406,730,283,49,421,428,880,95,984,732,462,243,206,687,939,210,723,376,717
388,78,330,4,802,677,915,209
389,795,433,875,281,227,56,547,534,711,914,280,554,631,162,587,575,865,542,595,351,784,391,707,685,306,986,182,567,331,58,245,939,891,3
390,204,351,537,178
391,472,919,242,778,679,907,987,203,691,953,697,562,600,542,139,404,847,760,913,95,801,456,708,246,646,114,146,40,544,848,531,803,585,954,226,622,238,447,211,838,536,345,56,358,286,545,147
392,363,626,248,347,638,940,480,447,774,543,159,542,661,714,200,541,768,740,881,546,843,708,341,822,29,436,861,460,687,784,166
393,63,512,152,879,29,804,524,500,27,812,991,921,65,465,196,279,990,491,317,117,155,736,409,114,865,734,529,845,931,661,741,700,566,28,648
394
395,656,273,200,649,320,163,868,675,471,637,383,464,169,546,34,661,14,653,633,787,31,654,375,984,462,835,482,367,354,261,109,594,407,884,514,316,526,842,252,422,919,447,370,156,741,437,176,597
396
397,643,264,412,213,747,871,759,599,58,148,229,653,702,162,116,848,870,823,336,765,498,186,788,908,0,416,998,902
398,308,264,91,921,909,645,673,65,326,278,858,84,649,190,719,447,755,871,159,193,298,237,722,107,967,3,147,969,283,727,760,316,272,613,728,19,987,2
399,6,205,677,859,182,365,141,961,92,230,435
400,151,270,129,348,616,573,528,291,703,447,853,773,190,762,404,816,706,433,577,894,242,89,996,414,255,28,840,424
401,59,857,336,362,418,722,559,342,281,210,923,511,220,979,432,712,146,468,56,676,235,294,34,236,603,447,70,63,703,152,615,231,693,683,380
402,980,964,495,148
403,455,221,69,222,440,14,564,565,120,497,800,647,575,374,904,980,751,375,396,200,484,599,591,776,857,765,570,195,806,336,833
404,76,883,665,559,508,365,972
405,504,224,733,437,498,778,106,861,923,870,871,738,278,579,321,69,279,183,779,720,477,797,247,888,249,436,994,308,914,765,671,462,24,550,740,114,421,957,154,468,28,120,521,565
406,184,761,335,442,626,765,828,529,847,684,615,541,545,773,410,851
407,526,518,759,409,857,713,177,75,180
408,816,561,4,344,200,599,632,115,554,317,642,683,88,386,597,984,99,659,591,948,867,714,15,575,510,549,196,216,672,708,873,902,458,840,809,934,527,663,551,199,307,765,484
409,664,284,957,380,423,340,849,989,165,324
410,277,769,595,352,441,183,765,115,504,850,73,34,51,840,946,972,660,654
411
412,552,457,169,467,405,983,181,493,593,210,675,196,312,121,992,284,126,414,76,656,510,854,399,534,672,511,189,909,381,9,611,36,423,161,729,543,918
413,946,701,57,294,152,810,372,278,505,742,575,750,13,69,717,834,604,110,483,75,638,713,461,980,928,751,61,622,450,68,865,10,399,420,851,428,446,826,498,301,972,653,801,194,540,929,405
414,643,52,237,204,112,60,299,360,656,745,25,881,931,690,191,53,508,948,481,599,355,305,633,50,754,167,369,391,346,924,568,293,155,762,6,64,133,178,891,260,23,943,771,230,975,352,662,676
415,244,398,936,111,877,796,839,16,342,648,689,20,625,635,1,168,610,243,882,950,885,213,407,378,902,646,450,929,100,231,21,586,527,227,300,311,156,896,389,344
416,854,991,394,633,444,940,6,609,409,715,299,952,111,872,930
417,594,160
418,435,390,494,256,216,185,679,273,24,698,362,272,212,955,566,343,222,501,324,559,50,344,214,911,588,306,130
419,484,521,714,834,516,827,568,692,341,175,663,853,77,683,350,101,401,957,985,282,273,292,799,507
420,494,907,765,569,206,824,28,207,929,877,504,524,286,560
421,684,855,911,0,191,977,713,739,229,188,491,406,127,407,272,398,851,71,599,336,322,250,244,952,100,326,654,473,355,288,984,359,235,184,143,28,567,392,617,48
422,185,3,612,27,51,687,400,802,698,556,810,844,614,58,987,356,351,785,246,398,769,37,830,731,834,803,13,431,56,727,439,875,26,272,697,10,460,99,754,487,19,475,341,673,910,778
423,96,542
424,456,977,606,75,11,454,350,464,568,163,155,503,442,737,150,654,610,914,575,252,1,419,886,925,249,390,69,202,601,396,525,805,59,842,924,746,91,299,608,440,534
425,331,279,467,76,348,416,256,699,374
426,471,297,946,514,548,920,126,916,665,89,277,52,787,373,958,575,813,549,469,266,451,22,428,961,103,812,906,533,65,288,30,444,732,344,427,713,608,766,643,208,390,955,988
427,939,182,520,888,662,340,672,59,505,236,714,110,11,78,131,809,370,719,799,93,958,779,37,167,848,728,576,897,712
428,775,810,136,805,602,309,464,984,661,834,746,422,776,955,289,469,162
429,774,988,824,365
430,41,318,380,108,481,370,563,209,461,527,118,206,18,544,456,180,372,458,640,533,24,441,360,351,38,286,133,348,49,374,620,871,939,874,35,44,899,905,229,321,960,401,952,442,309,28,535,843,81,831
431,150,690,406,113,252,661,683,907,320,636,750,131,855,508,134,25,460,770,270,943,488,866,898,592,998,164,760,914
432,659,76,33,886,875,244,57,877,959,778,112,685,884,350,932,403,470,627,270,619,29,977,888,360,117,938,825,452,182,591,990,312,609,903
433,87,71,15,280,455,741,904,28,810,801,755,765,949,643,45,636,728,717,805,347,867
434,153,546,9,392,954,879,759,643,796,437,154,477,567,210,635,450,710,94
435,91,658,551,732,215,203,849,548,677,955,731,619,422,574,326,780,127,913,742,433,196,398,883,940,729,481,561,842,337,227
436,205,306,944,910,68,664,559,65,857,213,294,178,782,5,909,658,182,939,222,384,845,736,550,962,329
437,619,164,805,340,947,506,503,118,700,757,911,162,344,409,541,233,362,158,139,919,739,17,601,650,791,0,435,637,438,212,387,103,88,887,707,107,846,502,711,633,407
438,19,250,510
439,171,929,372,680,607,634,741,480,501,158,727,73,365,376,44,79,959,33,497,45,601
440,192
441,328,902,210,330,363,153,451,335,660,981,82,489,636,867,122,313,822,230,911,126,862,483,701
442,98,351,878,462,981,248,50,373,143,778,472,42,156,243,20,10
443,345,490,506,258,118,25,285,793,37,42,234,322,596,887,136,794,925,617,439,909
444,442,821
445,637,50,785,289,450,492,263,437,586
446,461,909,780
447
448
449,915,225,546,238,992,601,610,583,611,880,603,673,51,295,810,291,333,885,685,565,776,779,9,567,441,135,396,344,390,557,403
450,647,347,973,298,967,112,56,711,821,626,142,332,675,111,439,482,100,182,34,80,233,10,218,72,325,25,668,410,429,560,824,38,50,534,397,946,106,176,375,701,418,801,725,820,993
451,662,964,898,904,414,723,67,396,89,322,867,967,728,15,683,292,195,169,155,447,954,785,331,409,163,891,754,262,167,559,795,567,86,190,653,882
452
453,215,804,422,227,482,564,713,737,409,108,932,212,443,99,916,427,939,623,145,333,24,165
454,53,191,494,698,491,141,128,919,54,165,174,694,541,156
455,570,153,179,431,587,733,893,958,16,987,11,701,859,985,356,860,269,483,886,665,196,290,720,604,410,743,707,775,442,620,815,933,248,48,528,782,56
456,720,619,724,953,300,144,329,421,120,954,575,811,623,789,652,246,424,134,249,228,17,344,599,550,470,20,57,129,572,878,988,751,733,39,812,587,193,955,90,895,454,712,569,332,919,681,761,432,612,446
457,766,2,230,312,970,845,318,107,608,177,672,715,670,699,391,82,762,675,447,491,720,93,960,18,626,228,196,293,550,386,464,58,131,613,71,604,828,564,294,315
458,76,838,25,280,54,272,560,531,306,50,468,346,890,115,516,60,629,127,829,727,292,500,871,315,779,916
459,186,697,277,43,314,108,838,376,674,924,787,236,256,706,785,862,778,151,756
460,704,127,551,201,160,337,332,414,351,912,408,392,54,222,689,156,441,443,997,834,989
461,705,984,838,677,467,872,698,405,972,750,863,279,237,475,36,511,186,180,636,487,14,446,187,842,492,440,378,62,555,919,92,30,674,388,114,400,17,484,41,411
462,475,338,51,836,629,965,299,359,846,813,780,892,264,529,282,533,60,705,225,336,757,880,553,70,650,276,335,20,387,86,789,482,73,144,891,118,81,180
463,776,393,88,672,650,179,322,328,801,247,883,568,391,904,987,385,161,954,563,612,263,966,833,175,297,974,206,933,571,330,238,218,220,256,230,535,455
464,19,802,416,591,857,705,109,286,909,472,104,689,662,172,761,603,380,612,245,668,39,38,163,155,347,919,97,966,860,360,273,868,642,692,702,483,232,757,546,707,918,673,88,327,884,298,41,527
465,168,610,570,392,810,910,842,421,331,417,746
466,661
467,611,28,269,429,971,352,227,142,635,74,629,234,235,606,71,919,116,423,112,508,337,741,748,563,923,745,954,675,496,820,625,738,375,262,628,424,891,707,70,522,144
468,158,248,964,109,434,337,894,622,40,349,866,263,401,698,100,706,108,522,846,405,600,115,89,84,852,491,655,140,782,773,771,462,719,320
469,993,344,885,147,693,333,389,850,233,696,407,62
470,715,887,45,664,311,995,335,474,10,269,477,312,186,88,331,809
471,703,880,335,753,562,185,355,923,192,724,53,601,957,219,143,913,817
472,193,130,531,334,460,872,708,221,660,208,565,802,494,923,686,487,416,106,66,210,413,818,171,517,827,159,58,98,183
473,809,465,366,764,420,318,870,487,363,33,152,936,571,125,365
474,546,989,520,564,318,480,36,24,131,360,750,829,475,756,38,755
475,983,407,929,348,925,174,948,569,403,759,606,157,680,450,758,5,347,589,627,546,907,528,698,508,232,158,772,418,236,416,458,473,167,847,576,316,117,243,38
476,859,882,482,183,358,981,519,638,550,221,585,570,431,679,939,362,269,487,461,328,857
477,725,34,620,297,72,365,342,604,757,409,804,288,799,791,20,670,150,174,968,192,677,141,308,686,946,443,859,877,732,332,363,86
478,348,204,808,806,660,923,521,404,846,299,867,114,555,889,480,700,9,673,233,450,49,595,395,343,315,674,523,840,314,549,629,347,516,980
479,502,219,908,256,193,664,928,207,645,945,696,249,795,598,457,48,416,81,65,29,654,485,261,639,209
480,597,719,564,258,442,375,736,420,858,447,523,47,396,63,569,97,229,579,44,41,503,263,356,608,808,295
481,860,687,347,487,619,638,790,372,446,399,823,612,949,817,444,273,614,933,493,960,535,330,252,604,339,108,773,291,49,335,620,109,298
482,617,511,1,20,66,308,829,834,744,67,183,122,99,383,169,105,535,307,561,294,145,951,379,700,473,633,850,729,478,547,337,520,601,271,187,14,764,707,749,172,933,588,593,474
483,851,3,358,916,956,935,933,85,957,753,204,882,788,573,453,913,286,558,60,770,51,96,28,61,42,983,733,949,835,730,562,384,807,452,481,865,71,596,455,998,20
484,523,418,917,15,920,12,908,564,935,132,659,475,517,693,657,618,108,38,767,529,171,914,666,354,255,885,604,796,242,494,11,468,216,281,814,300,262,147,358,151,550,482,534,488,88,113
485
486,629,247,27,357,712,352,500,931,34,589,120,615,722,330,203,345,129,292,543,824,218,206
487,76,656,215,375,912,393,455,862
488,536
489,286,756,196,596
490,962,789,239,598,507,15,935,227,960,3,230,298,198,855,695,224
491
492,501,695,854,824,28,18,168,176,313,85,378,374
493,492,110
494,192,245,850,589,830,867,553,550,884,84,540,629,217,757,999,836,169,71,872,871,513,987,292,933,762,516,823,365,527,427,554,627,485,730,211,101,846,244,983,879,966,913,760
495,985,725,564,182,130,597,600,416,97,569,25,300,868,296,577,727,249,279,742,893,540,999,335,334,384,108,340,144,940,39,633,974
496,501,438,966,367,744,582,953,276,291,2,939,685,179,386,650,785,555,907,45,464,455,691,588,791,285,133,313,742,930,485,706,844,499,110
497,118,235,947,963,935,156,814,609,639,881,875,718,432,38
498,428,284,715,973,139,514,199,45,580,834,785,601,464,513,402,133,462,113,886,293,347,643,658,330,288,517,647,608
499,255,911,245
500,334,939,493,766,582,370,915,333,23,507
501,582,25,131,252,607,70,698,613,688,746,8,923,972,377,645,181,638,309
502,493,745,914,836,579,439,705,846,440,643,637,126,121,253,73,94,451,750,968,790,944,845,452,929,244,727,842,652
503,286,35,221,560,773,126,600,563,716,118,606,419,329,261,183,134,654,411,904,172,376,623,410,990,461,238,13,359,813,383,412,635,219,454,879,245
504,237,741,649,746,564,666,344,272,945,351,419,823,931,289,576,702,527,182,190,203,365,414,482,707,517,928,909,537
505,495,936,73,363,626,918,625,949,512,193,130,374,559,906,418,907,745,455,954,235,572,158,767,804,541,264
506,387,416,945,82,955,380,475,847,907,307,521,122,226,220,934,923,160,456,627,279,317,30,47,980
507,113,192,808,723,256,176,814,290,895,950,6,822,38,91,391,416,346,885,731,343,976,523,801,677,49,90,798,867
508,533,682,960,757,323,3,822,305,115,616,373,154,738,835,889,470,637,635,159,602,797,181,605,344,95,183,735,376,437,427,441,794,687,570,34,831,967,853,863,881,315,809,595,40,552,83,196,954
509,694,210,888,857,766,567,650,388,776,359,557,228,454,812
510,961,409,801,333,980,74,40,398,109,125,79,768,594,76,698,561,753,658
511,135,561,612,767,436,670,270,365,981,251,316
512,748,688,951,995,51,214,491,201,264,327,562,93,443,747,514,953,426,831,253,944,176,354,614,52,643,281,585,282,576,655,784,696,233,206,127,793,718,538,699,788,533,185,48,708
513,983,397,67,840,638,526,791,482,659,606,966,815,60,359,518,345,949,392,21,705,385,807,936,862,718,22,238,604,114,1,191,411,760,543,846,617,35,889,785,695
514,235
515,677,691,352,355,600,401,414,607,297,970,838,186,540,734,114,220,362,167,812,583,573,400,993,149,715
516,398,728,504,667,110,621,956,142,68,849,594,29,28,588,47,204,71,542,757,62
517,389,484,571,106,361,420,874,206,806,369,917,969,19,540,297,880,762,312,70,545,556,95,94,566,888,883,258,822,754,318,800,352,985,426,737,23,40,315,125,496,954,385,135,82
518,348,313,835,689,514,870,281,365,445,853,952,943,931,187,153,697,234,526,984,635,811,397,822,829,986,663,308,597,1,381,394,387,317,39,481,989,810,638,210,418,736,656,500,390
519,673,996,332,245,626,843,868,403,703,301,340,54,50,454,44,104,748,628,43,857,929,568,608,326,16,122,112,668,480
520,544,54,877,261,498,807
521,863,107,565,943,800,313,971,691,708,317,834,917,280,15,67,956,831,248,24,307,974,444,415,18,160,387,361,907,983,887,202,771,203,178,497,756,50,432,896
522,579,521,569,631,894,561,593,923,364,606,6,423,808,250,795,289,828,170,635,996,93,107,683,592,220,747,597,200,387,146
523,680,441,715,681,642,817,697,7,906,36,85,540,549,140,323,769
524,662,795,624,837,509,428,180,282,683,36,209,156,387,571,852,939,858,981,79,332,911,127,829,105,440,357,21,445,42,269,782,125,811,271,307,896,591,569,179,436,189,646,362
525,900,502,295,800,444,694,880,659,377,706,538,807,691,972,785,223,309,911,471,929,273,917,954,326,883,857,308,522,958,748,938,696,180,90,786,772,868,904,588,575,275,446,935,65
526,699,947,242,573,731,840,239,439,402,335,103,13,664,805,352,80,252,204,854,786,168,40,990,836,988,734,826,587,632,167,81,802,90
527,312,839,136,53,890,409,785,758,667,125,420,591,71,56,123,633,351,909,582,455,559,605,230,292,262,607,923,745,919,971,11,552,725
528,627,229,413,205,867,974,522,446,985,639,510,542,389,379,57,325,247,420,337,360,656,371,327,604,683,123,698,809,800,434,913,149,330,344,768,347,163,822,92,773,175,841
529,429,12,164,761,23,458,470,550,829,841,142,700,527,412,913,986,67,983,997,380,276,605,611,802,805,616
530,854,76,861,167,282,776,732,753,716,696,437,890,212,675,586,153,889,480,208,309,924,33,214
531,712,159,90,24,323,908,15,771,555,967,769,670,853,659,64,860,970
532,623,610,577,31,738,777,616,622,379,714,731,50,385,963,213
533,195,250,438,169,127,916,183,706,38,386,235,213,393,554,798,436,284,496,883,395,280,629,875,375,156,509,830,659,112,936,215,11,670,734,843,613,805,388,14,944,666,246
534,880,86,327,579,979,472,762,156,686,691,27,215,370,50,124,554,431,381,396,13,475,350,254,797,351,547,250,468,909,263,379,83,39,62,299,120,292,755,620,241,850,676,24
535,348,90,988,283,554,130,190,900,328,690,428,842,916
536,937,816,129,598,67,356,960,775,718,113,526,673,409
537,296,703,45,938,370,777,742,59,184,210
538,52,740
539,335,656,798,814,138,520,674,33,369,644,58,689,377,976,52,916
540,871,925,674,796,607,662,72,954,624,491,694,833,343,653,138,873,691,241,227,401,730,341,808,990,841,222,742,919,764,939,888,32,963,426,497,813,485,61,350,561,117
541,964,627,409,450,416,342,592,384,799,205,684,795,272,321,896,345,728,403,280,233,380,462,175,369,483,697,50,542,615,44,833,104,172,673,599,385,935,785,699,917,144,273,563,428,889,69
542,527,460,140,744,495,818,535,324,813,138,270,919,180
543,873,887,444,817,602,292,38,84,214,165,630,414,362,164,888,813,521,570,552,917
544,958,150,152,829,540,415,615,128,680,637,888,996,997,205,55,750,748,913,151,1,478,887,504,425,373,998,14,360,22,902,134,862,557,694,21,562,454,390,826,11,812,199,127
545,614,90,777,708,184,232,778,269,820
546,541,219,195,902,534,759,815,551,338,212
547,904,174,888,495,900,845,951,995
548,702
549,683,116,904,56,30
550,156,125,31,276,64,126,329,139,183,429,834,147,966,516,521,401,419,375,650,510,682,443,116,394,146,715,407,765,849,165
551,16,560,765,66,389,587,885,937,547,250,311,7,204,308,362,143,495,998,241,48,395,318,735,708,444,525,491,148,214,686
552,291,731,42,127,341,168,393,594,894,404,514,4,540,553,385,234,185,724,812,73,639,471,761,845,587,238,925,322,841,305,243,186,309,31,905,452
553,635,396,809,513,294,604,771,233,683,417,811
554,646,19,988,336,638,345,467,414,760,278,174,258,816,592,401
555,133,181,96,525,919,673,905,903,190,212,899,346,693,416,782,558,60,99,513,312,472,722,825,76,838,826,396,384,140,145,92,273,595,877,872,644,170,834,648,266,986,955,206,65,668,205,504,792
556,297,508,531,234,227,193,116,226,21,458,258,994,392,687,281,172,592,465,955,244,275,86,408,949,607,81,599,120,811,213,383,335,999
557,812,671,232,853,425,892,636,770
558,198,886,48,214,233,575,128,739,930,210,952,231,665,938,362,670,921,770,181,983,774,593,37,875,9,949,390,340,704,900,924,490,821,157,565,690,172,188,935,913,753,605,959,496,760
559,785,370,413,30,840,633,968,757,688,809,645,917,192,880,433,214,940,907,360,829
560
561,549,384,577,952,557,277,309,796,206,911,429,166,103,629,850,655,989,57,311,237,512,124,794,471,328,819,204,23,483,91,155,16,4,653,347,75,736,437,892,86,917,671,170
562,633,899,63,585,884,134,703,613,107,594,183,798,248,36,778,906,716,154,905,825,819,372,172,974,842,567,521,111,509,494,289,813,297,369
563,728,811,586,815,182,253,275,376,76,555,277,592,328,65,380,907,14,910,964,48,282
564,799,660,61,313,917,825,591,550,565,841,236,454,336,547,599,973,418,311,369,415,861,880,543,364,15,789,745,771,123,247,993
565,203,534,932,847,627,536,207,924,794,165,237,992,879,786,336,334,9,388,13,899
566,916,526
567,691,695,159,690,365,428,685,702,208,711,908,913,142,735,344,887,594,793,136,342,490,666,386,643,741,806,369,608,540,133,998,195,696,790,89,840,833,95,472,391,676,328,555,536,992,255
568,378
569,503,719,56,409,733,695,362,757,715,965,395,163,467,169,215,749,762,559,271
570,815,840,298,169,465,722,773,946,262,341,590,370,389,591,972,829,63,109,603,312,184
571,491,920
572,802,483,390,482,152,155,156,835,399,502,525,566,157,532,718,47,145,207,440,891,115,952,867,668,680,379,590,863,364,76,243,550,28,888,461,839,916,489,612,214,980,488,462,803,281,542,557
573,467,834,67,356,937,388,778,97,231,277,990,289,73,594,503,468,133,860,159,407,224,256
574,455,879,631,421,85,930,426,805,341,290,383,140,835,688,708,613,909,230,330,393,397,754,18,312,747,222
575,855,713,372,570,229,21,557,36,598,363,878,815,898,109,416,620,687,437,491,549
576,694,991,293,18,882,133,70,222,590,44,544,566,754,202,743,260,992,786,6,555,431,370,471,313,47,376,48,502,281,170
577,305,761,58,454,895,340,181,458,313,563,510,441,825,74,411,297,920,634,427
578
579,650,19,844,512,853,252,945,24,940,347,745,507,276,165,683,836,450,788,481,688
580,346,365
581,857,950,575,108,570,57,902,885,412,31,277,24,453,288,226,821,168,980,936
582,818,58,95,406,879,897,660,288,617,386,63,147,223,890,928,243,606,128,18,809,70,96,76,55,211,900,924,825,972,301,800,442,358
583,504,696,229,431,977,673,19,457,65,291,710,397,505,216,198,126,930,797,998,175,191,202,161,987,632,354,606,152,565,788,325,203,130,715,34,845,787,921,806,521,398,382,617,872,805,156,756,471
584,161,355,184,932,16,495,642,478,780,362,22
585,90,771,679,730,786,474,517,558,505,766,178,991,801,889,689,320,445,817,741,225,511,858,742,336,658,379,649,759
586
587,184,752,794,833,87,636,237,225,751,519,991,371,716
588,365,645,78,402,745,585,672,558,314,944,437,567,537,785
589,199,378,502,623,579,895,564,915,815,558,422,503,470,703,328,134,633,394,399,674,989,329,145,932,250,158,900,581,206,704,804,2,155,561,237,752,254,993,95,791,880,599
590,573,684,858,190,719,855,795,887,35,681
591,870,402,123,242,616,167,295,208,851,366,84,665,795,12,323,210,575,541,170,919,335,27,499,452,739
592,383,996,96,525,605,760,826,332,512,260,99,898,68,867,254,695,261,770,8,352,28,266,804,335,855,305,227,916,990,571,713,698,27,474,130,356,824,306,64,626,89,752,117,556
593
594,415,263,804,416,741,250,419,95,315,887,952,626,608,808,968,623,205,958,732,25,390,603,676,421,820,605,845,784,439,511
595,610,931,169,730,285,400,666,112,623,461,350,360,262,217,810,812,235,677,684,961,967,809,536,73,114,914,629,223,722,988,831,158,800,234,717,29,343,474,299,566
596,729,723,45,448,169,620,548,311,800,688,288,684,527
597,829
598,950,314,790,194,309,195,434,620,956,619,491,352,813,282,517,198,384,538,577,443,317,966,838,789,219,959,842,128,465,260,247,386,105,509
599,509,124,850,627,177,561,272
600,904,689,806,998,763,74,63,788,636,293,450,698,905,825,295,306,219,824,360,947,126,248
601,586,355,432,323,717,649,668,261,255,867,736,824,614,602,733,637,963,987,112,924,3,438,759,839,366,788,983,225,904,624,518,52,187,527,694,801,322,626,113
602,159,266,658,655,187,520,471,153,980,258,624,840,580,204,737,43,967,934,648,757,918,460,1,484,123,571,356,458,911,0,470,928,591,371,850,66,916,348,666,404,810
603,853,989,749,186,253,325,282,6,174,887,663,79,708,607,77,121,657,49,594,237,677,96
604,686,510,495,230,329,39,151,93,934,188,630,6,607,747,392,344,227,326,773,41
605,133,455,218,787,977,22,460,453,67,393,675
606,747,360,514
607,408,101,150,221,627,626,486,971,309,572,358,114,108,261
608,914,774,703,871,805,280,936,87,956,544,494,210,168,469,833,591,211,501,328,331,427,794,169,667,697,576,552,762
609
610,366,264,850,492,340,411,718,177,391,560,752,501,399,866,838,680,184,190,338,909,975,704,729,172,62,892,167,602,77,235,875,182,392,620,868,192,471
611,833,372,518,915,435,990,326,953,465,694,184,30,436,159,202,502,795,753,760,55,232,460,229,34,857,588,71,812,185,805,920,328,82,356,458,201,867,469,780,837,489,800,475,147
612,84,113,930,358,189,380,609,911,43,964,126,497,150,411,804,625,372,124,990,945,794,872,282,201,286,512,956,44,824,776,45,842,20,342,607,522,576,354,405,807,283,729,318,892,220,647,792
613,14,398,338,706,35,222,245,56,634,623,266,753,668,883,2
614,254,794,891,230,148
615,359,142,324,537,63
616,169,389,91,80,542,298,130,108,178,34,186,535,249,886,140,646,578,432,906,342,195,334,219,452,642,521,838,708,969,903,913,758,940,694,668,756,939,158,850,918
617,972,607,809,432,32,105,242,803,998,694,210,266,493,813,604
618,791
619,546
620,131,682,573,433,2,758,143,581,707,509,398,754,416,339,787,378,680,91,687,389,855,134,383,532,6,202,833,771,760,207,298,628,843,437,638,552,727,337,179
621,158,507,828,520,953,540,234,226,53,213,581,906,4,591,967,961,975,93,277,20,842,547,818,703,262,690,981,804,572,932,936,987,656,718,847,855,625,971,239,580,937,447,204,854,346,408,381,103,693
622,580,974,76,187,707,344,489,159,378,22,394,658,917,443,652,78,273,960,292,32,351,238,717,451,65,872,473,594,866,902,145,122,897,778,2,343
623,475,138,63,813,243,418,294,979,555,708,739,719,446,440,754,765,514,688,976,364,935,57,771,468
624,731,65,450,771,814,820,372,58,352,805,542,75,875,169,714,394,92,956,917,296,133,497,846,264,725,668,507,382,309,572,812,580,339,120,248,315,605,966,746,137
625,364,118,900,439,947,894,620,255,356,810,452,865,83,432,707,926,305,906,212,308,489,879,357,588,872,12,668,713
626,127,317,183,284,761,429,645,801,352,206,64,192,630,89,767,798,684,717,631,249,391,366,847,446,412,148,931,306,917,745,521,908,686,638,376,417,654,539,664,190,69,643,434,608
627,664,474,898,583,707,266,612,328,854,509,894,103,687,947,599,440,556,190,42,760,990,348,750,176,252,717,601,263,84,404,488,902,919,499,814,140,586,47,118,762,594,230,177,602,743,154
628,748,336,650,361,338,819,298,134,987,364,722,6,203,619,50,718,797,518,547,359,73,448,264,913,648,262,952,385,658,170,613,204,537,126
629,409,639,761,222,772,538,34,292,385,885,699,87,652,872,880,365,420,9,139,446,161,874,621,522,59,507,334,667,452,547,802,241,273,117,185,243,282,100,73
630,355,39,439,329,548,666,598,810,771,737,994,295,73,842,612,108,533,275,549,572,138,348,881,333,903,75,415,585,896,16
631,478,94,826,993,977,688,796,255,182,44,501,534,222,600,248,638,258,95,655,585,435,607,696,408,96,678,865,433,795,765,237,970,701,715
632,99,438,136,693,951,295,126,307,279,356,804,867,410,898,627,855,967,700,808,838,493,665,392,895,540,71,621,461,286,300,246,450,744,848
633,692,498,470,356,229,347,1,191,824,388,755,453,583,727,169,224,162,812,674,467,658,847,502,694,691,402,764,220,800,451,747,475,400,553,434,687,494,248,139,235
634,671,585,293,43,442,707,805
635,681,385,322,121,916,355,817,258,217,305,387,531,100,517,953,826,557,678,169,588,394,567,871,655,775,182,318,546,23,785,329,55,2,342,506,617,414,352,346,701,408,407,634,593,890,99,823,431,73
636,624,768,377,371,655,903,734,446,3,880,543,632,55,793,335,170,308,346,753,567,787,57,255,912,992,980,778,492,936,357,192
637
638,545,79,272,558,62,656,77,285,169,895,295,461,154,959,361,110,837,98,549,712,422,522,485,286,955,282,68,697,563,126,935,984,401,187,526,875,297,244,809,815,963,372
639,474,370,314,539,890,959,588,114,908,201,116,133,95,349,851,168,916,410,912,281,860,271,13,387,524,554,106,483,218,219,439,12,352,180,37,542,923
640,596,17,897,665,81,524,801,993,716,498,405,976,338,208,98
641,965,165,910
642,595,778,656,527,286
643,453,166,480,861,86,445,225,597,322,737,342,147,786,985
644,930,273,577,711,416,852,865,764,225,484,191,7,547,886
645,697,452,596,73,96,175,741,685,76,503,112,456,554,618,785,885,673,971,806,657,759,698,244
646,542,114,293,53,969,415,814,755,810,932,700,833,647,667,757,538,509,210,908,462
647,504,698,837,835,53,560,429,153,395,227,112,704,108,629,158,610,352,523,361,497,337,253,981,477,79,858
648,36,136,350,376
649,895,993,843,500,109
650,280,237,26,228,565
651,718,162,203,325,586,779,390,759,774,896,378,143,292,673,837,547,550,756,511,650,680,421,199,513,535,988,793,929,960,406,169,260,571,185,312,50,365,297,909,156,357,703,768,972,238,764,335,967,675,450
652,720,642,739,741,187,850,626,801,969,422,1,108,557,919
653,676,292,567,342,55,973,574
654,371,193,871,788,71,712,273,219,633,597,956,227,737,445,402,298
655
656,596,567,211,632,577,201,21,45,477,916,110,985,75,529,703,270,339,261,298,975,800,875
657,507,351,224,469,718,897,970,811,731,833,22,585,681,937
658,574,209,751,298,695,821,194,497,342,604,360,84,53,327,953
659,57,159,384,376,168,474,858,260,424,590,235,106,385,279
660,372,275
661,26,458,695,851,505,6,146,22,107,450,660,232,401,230,325,532,912,420,727,77,375,315,635,702,668,732,334,342,497,878
662,913,152,606,697,41,559,445,17,61
663,445,83,967,873,513,948,496,250,423,31,135,572,372,700,954,107,410,30,757,791,881
664,965,699,645,701,213,577,396,166,367,770,540,493,703,226,962,61,106,937,644,95,732,828,800,6,88,973,902,804,35,650,541,189,899,592,321,893,349,807,120,600,972,128,125,717,573,117,829,136
665,168,537,821,182,166,920,14,834,870,944,971,595,120,269,707,988,282,323,532,117,734,836,861,315,502,137,442,511,65,41,373,956,83,837,263,80,592,929,210,851,538,416,917
666,691,731,980,340,718,545,844,808,434,629,756,746,762,763,487,521,540,894
667,9,223,439,812,426,85,948,419
668,280,394,767,425,305,913,327,152,931,442
669,926,760,364,577,326,100,862,974,3,320,550
670,636,642,859,148,573
671,488,260,394,71,480,770,843,201,621,637,858,172,57
672,980,607,172,491,151,2,362,828,789,987,144,714,356,698,567,887,480,862,377,810,950,937,770,76
673,16,599,413,980,960,384,750,108,246,154,210,574,104,438,468,786,9,362,907,723,510,521,796,925,789,535,714,648,143,383,893,560,467,994,701,498,715,389,582,138,905,788,338
674,272,997,615,350,751,169,14,608,454,141,235,913,846,385,798,735,654,147,969,307,782,95,455,589,694,399,622,9,739,118,432,2,970,462,55,306,874,870,917,602,467,314,451,160,551,971
675,981,907,118,89,657,811,450,383,830,201,294,490,608,454,654,41,468,482,28,650,607,185,618,194,126
676,213,963
677,690,953,812,919,384,76,908,24,712,960,450,748,286,206,324,491,289
678,904,351,631,66,338,872,295,961,800,890,103,341,89,944,572,108,127,771,332,322,308,44,289,366,936,830,422,443,281,605,159,258,196,360,318,405,15,370,977,347
679,423,617,357,701,109
680,536,617,35,646,82,233,895,989,522,361,218,108,805,708,427,833,363,365,250,396,278,275,668,486,489,847
681,180,221,301,480,78,906,728,555,863,254,867,38,383,365,20,155,747,973
682,336,406,524,140,801,752,291,792,343,947,967,452,153,60,619,80,891,134,837,43,487,115,639,350,535,973
683,755,494,411,284,838,587,661,93,434,528,282,405,492,625,909,253,539
684,456,865,732,539,981,751,888,538,776,797,490,383,409,143,811,484,546,749,964,369,867,79,126,370,323,907,159,397,381,586,543,840,354,320,422,666,36,200,491,841,875,62,500,954
685,591,248,595,811,575,116,491,725,536,523,111,996,47
686,10,16,950,30,504,831,713,445,393,487,318,823,477,429,190,392,751,166,985,404,562,418,977,214,433,724,192,191,200,488,766,231,502,275,264
687,323,549,156,378
688,72,70,201,350,260,204
689,351,433,212,100,17,984,701,682,673,999,2,553,540,455,75,432,776,251,150,811,585,366,67,812,583,337,261,167,445,889,636,751,125,273,471,506,318,977,638,798,967,723,534,791,806
690,822,367,729,80,758,152,294,396,648,889,582,742,438,930,979,271,643,405,867,74,446,563,805,361,96,816
691,772,199,741,658,288,819,376,78,360,749,682
692,339,720,45,753,538,679,695,15
693,990,103,654,894,877,939,41,444,727,852,583,921,957,307,629,408,649,919,838,965,663,791,950,252,945,36,498,195,441,745,81,348,481,325,910,214,423,772,526,160,376,523,25,434
694,280,24,398
695,891,739,144,826,226,535,654,211,581,392,112,628,5,149,462,305,738,931,805,596,2,233,460,351,308,889,613,343,895,123,718,205,696,36,505,169,278,948,939,494,486,527,85,586,974
696,100,5,977,703,297,662,650,672,123,333,41,111,488,317,791,195,4,580,547,188,724,761,89,273,518,910,390,956,872,340,754,764,731,150
697
698,138,76,301,105,378,677,836,382,245,896,599,854,629,383,627,579,351,860
699,697,564,817,613,561,748,480,731,761,491,482,949,206,880,51,2,31,470,343,26,931,62,596,374,1,554,824,593,218,220,648,536,477,53,233,836,327,271,425,244,737
700,526,446,169,492,13,825,799,156,429,905,5,963,602,65,149
701,263,785,899,19,873,443,552,592,500,338,395,812,636,170,818,714,369,318,447,142,904,4,794,227,704,298,734,180,105,360,956,798,539,771,408,160,650,113
702,681,186,712,550,97,908,426,114,793,281,481,824,753,5,40,495,571,221,140,916
703,929,216,27
704,929,527,114,251,111,296,930,886,602,780,907,818,837
705,144,549,211,924,969,216,944,703,698,687,674,61,833,481,974,431,253,64,286,401,247,426,363,16,619,317,774,155,879,829,374,606,192,223,689,344,993,510,226,761,340,837,582,422,555,47
706,158,586,974,34,898,5,74,889,717,144,822,617,696,961,551,101,649,739,236,995,839,675,924,465,60,670
707,657,244,883,495,175,830,393,727,389,755,953,791,229,983,658,472,171,542,200,342,573,854,687,873,991,377,767,764,594,790,668,383,216,273,700,552,761
708,818,720,514,622,370,243,928,793,478,825,566,312,132,957,713,34,349,911,360,226,412,729,897,616,935,112,211,945,990,379,644,33,111,614,706,398,337,715,634,421,108,50
709,468,4,286,43,936,634,96,998,972,751,613,767,791,940,834,18,445,984,597,51,291,747,142,540,393,561,491,571,833,909,966,138,820,536,396,836,105,538,251,575,570,635,790,427
710,919,970,63,47,583,889,238,236,662,14,716,957,451,60,196,363,143,552,653
711,440,862,462,675,923,896,475,842,262,127,861,14,970,109,348,682,242,995,301,442,87,809
712,81,653,300,576,959,174,369,279,631,536,774,284,823,683,782,107,986,814,491,954,633,137,513,500,361,155,688,777,165,608,862,937,227
713,298,179,402,436,314,930,67,206,64,889,992,36,995,511,204,637,184,392,962,769,649,138,203,141,624,972,785,238,53,174,285,745,32,182,264
714,867,107,966,394,923,293,427,725,566,355,913,947,646,874,511,540,490,57,579,656
715,86,324,243,930,660,363,279,885,872,23,737,879,128,674,932,767,567,98,53,966,863,648,778,800,36,429,421,909,496,185,911,384,650,514,12,145,214,666,962,121
716,993,415,326,157,846,685,349,27,237,556,21,115,487,962,968,577,671,905,549,761,913,45,576,542,909,208,100,872,713,44
717,208,188
718,939,83,887,40,180,937,358,260,413,441,868,93,11,261,821,991,785,684,82,336,746
719,522,242,853,421,331,565
720,453,621,764,730,14,509,765,586,886,108,538,700,800,172,5,237,682,135,585,588,352,187,189,918
721,199,587,498,786,159,969,872,389,38,894,519,31,619,3,616,593,849,753,383,167,219,220,971,321,309,854,967,988,406,857,983,993,956,658,842,911,79
722,475,678,883,731,455,809,37,6,453,14,344,468
723,419,472,496,363,559,43,603,883,722,583,704,969,529,829,833,416,917,885,767,596,243,469,277,379,911,555,242,7,918,480,230,288,507,435,792,867,524,295,790,57,952,711,648
724,954,569,334,773,371,391,925,817,151,791,317,11,436,458,494,26,879,230,273,376,325,504,988,76,841,49,668,652,496,231,489
725,734,441,323,785,648,453,194,454,424,803,898,614,743,944,106,261,193,861,55,943,216,903
726,135,327,541,478,62
727,428,41,396,988,176,191,6,344,192,150,881,994,467
728,324,77,146,511,924,280,637,926,610,221,210,648,894,471,264,196,860,817,759,426,177,932,239,320,482,81,289,33,9,596,237,505,230,305,73,603,390,905,506
729,778,524,178,399,746,24,932,885,836,223,892,286,838,650,667,696
730,653,974,306,509,493,41,205,72
731,640,813,865,81,72,61,992,448,851,523,789,238,423,906,299,582,42,95,770,935,532,987,224,429,798,646,191,842,165,315,619,38,362,487,78,434,914,344,130,501,871,187,354,862,503,524
732,321,39,835,211,276,311,309,752,94,101,985,484,13,766,639,965,596,640,171,874,488,850,761,926,444,208,491,258,747,6,318,946,633,763,122,472,837,561,839,125,270,103,5
733,238,911,177,821,135,950,150,67,654,904,724,324,653
734,201,61,676,534,114,645,347,658,655,643,533,573,96,24,900,326,56,171,414,673,332,755,913,27
735,495,416,810,687,81,674,556,114,851,426,818,391,537,981,940,736,157
736,330,697,428,425,824,850,314,623,253,73,946,229,725,168,907,985,768,586,337,519,616,317,523,273,744,590,821,809,389,422,758,218,637,899,201,894,167,933,292,861,873,113,441
737,787,157,548,914,155,966,984,784,666,16,429,949,294,177,764,355,241,418,403,953,214,43,499,974,219,866,998,943,568,631,365,594,72,490,334,379,413,378,862,855,279,305,474,843,913
738,952,109,170,106,542,63,269,605,73,432,61,963,637,590,150,204,529,508,745,158,312,222,846,991,72,748,155,186,435,317,965,585,385,453,893,286,75,707,604,522,5,335,350,647
739,843,595,451,400,280,751,394,887,12,381,375,129,509,573,647,130,557,973,427,907,913,723,184,697,680,408,884,80,924,543,910,326
740,397,306,786,439,779,169,418,404,143,345,580,68,729,638,196,33,84,261,141,448,235,280,436,713,951,929,759,710
741,3,676,697,998,647,83,896,434,281,867,893,90,53,190,501,58,945,27,113,906,724,817,570,681,276,520,544
742,49
743,646,434,772,763,3,170,814,787,524,548,357,527,292,950,945,389,710,317,352,160,705,497,535,761,773,245,294,414,919,767,222,881,269,249,182,92,622
744,614,78,963,308,75,623,484,915,446,94,828,787,825,179,166,220,801,945,25,638,86,266,199,55,560,966,452,878,300,290,849,587,204,121,743,189,618,225,679
745,221,907,0,253,435
746,989,550,889,110,70,68,104,123
747,800,269,795,279,145,232,809,114,961,403,774,599,655,225,989,318,62,336,613,178,827,132,575
748,324,290,727,415,779,526,424,33,785,744,200,288,611,171,617,703,523,54,828,521,636,76,646,818
749,862,453,396,124,37,559,863,688,480,362,434,969,838,222,604,670,692,386,18,248,546,58,445,873,106,535,976,154,640,655,93
750,483,923,396,111,283,926,557,261,393,491,921,298,416,646,730,972,164,98,167,104,113,226,84
751,237,379,396,790,51,574,124,168,189
752,630,77,837,326,972,880,539,301,159,508,239,835,988,491,51,511,693,210,191,712,776,317,524,221,261,431,23,374,896,743,689,663,807,52,572,885,614,361,175,710,985,100,751
753,877,455,701,50,180,203,848,604,411,166,481,997,835,917,247,554,484,569,139,769,650,301,745,300,969,373,795,987,957,210,149,758
754,888,99,312,320,168,556,590,830,53,422,900,733,230,105,378,78,917,7,84,903,114,397,388,104,824,827,488,464,252,79,839,468,400,997,218,461,503,92
755,911,674,744,790,103,443,761,168,111,67,391,82,784,629,906,48,70,9
756,710,997,539,147,53,601,904,433,640,161,245,419,370,0,598,571,821,467,799,293,233,473,387,782,984,564
757,282,154,598,633,540,410,358,642,184,428,394,21,101,425,575,28,238,9,811,6,635,396,407,349,556,697,75,246,249,590,960,624,3,965,895,45,87,502,316,294,427
758,427,128,53,844,456,184,528,639,71,380,630,741,510,803,11,321,300,35,394,784,542,231,109,392,308
759,435,944,111,710,385,576,536,107,398,835,548,32,187,62,603,427,619,800,715,95,45,450,437,7,25,590,663,648,702,416,844,724,730,794,678,428,763,620,527,915,913,836,964,951,958,74,841,542,149
760,388,818,138,300,986,973,336,95,88,0
761,233,176
762,949,523,358,748,626,894,870,690,505,13,486,305,53,480,198,723,77,620,342,851,929,947,576,919,2,847,495,681,400,591
763,227,334,189,458,279,734,243,462,586,912,871,875,457,820,80,823,664,205,248,224,646,327,217,83,659,378,49,413,538,337,913,947,858,384,332,186,160,357
764,233,405,639,490,169,56,964,284,487,626,572,741,0,676,162,528,652,79,938,62,855,66,128,896,560,401,166,327,756,106,229,436,499,691,59,579,318,853
765,946,243,132,436,861,991,433,538,574,278,343,328,581,774,38,818,258,191,880,640,610,170,471,115,330,592,761,344,437,359,533,548,342,963,571
766,217,936,882,681
767,886,234,981,238,307,343,646,675,250,656,471,841,951,723,352,663,560,186
768,865,222,282,229,568,93,477,973,557,618,686,944,653,324,455,900,616,156,652,138,612,383,797,329,958,630,273,962,792,894,121,52,640,468,209,976,297,887,473,915,834,145,458,347
769,427,811,640,723,452,403,513,226,78,33,208,48,238,888
770,345,838,14,128,596,812,340,189,49,327,816,115,599,836
771
772,529,707,553,538,962,522,279,957,369,659,352,169,248,536,385,233,134,626,184,347,848,464,760,677,136,348,298,315,646,672,451,954,107
773,254,719,650,370,701,387
774,342,4,578,175,63,183,825,875,745,415,688,469,391,273,98,312,503,288,6,966,623
775,513,934,260
776,28,4,687,355,574,270,534,970,426,132,596,465,811,278,5,436,306,638,616,657,346,965,857,277,343,68,778,488,144,697,967,398,612,575,855,121,213,894,839,357,42,946
777,555,123,7,898,312,805,73,762,88,814,419,195,594,162,958,841,892,255,211,516,171,244,949,858,189,743,225,234,518,614,632,338,907
778,536,945,807,72,79,146,542,355,340,462,214,481,472,14,142,321
779,597,71,679,494,727,380,487,521,705,780,750,720,62,785,739,446,602,534,865,885,707,60,189,659
780,977,562,270
781,966,324,276,639,35,217,299,413,513,291,418,827,131,867,698,219,306,0,461,364,492,612,369,460,128,903,545
782,785,309,65,323,597,210,715,411,920,222,811,666
783,716,395,176,193,92,416,548,656
784,954,630,660,426,6,291,182,19,139,98,637
785,221,55,791,627,948,388,210,393,153,419,675,402,428,179,85
786
787,764,914,673,752,816,765,931,675,409,167,243,593,504,472,404,321,366,166,351,634,529,282,782,122,271,665,770,411,130
788
789,406,71,277
790,335,875,640,209,653,630,550,593,536,105,731,61,591,235,713,945,902,111,17,990,601,698,413,919,799,160,133,419,621,14,844,140,549,906,854,436,596,878,392,983,637,292,164,299,293
791,448,787,172,952
792,564,36,192,450,167,762,897,796,749,494,256,480,801,360,437,440,934,601,324,821,417,739,900,414,170,54,434,495,236
793,256,834,956,624,734,62,218,438,82,836,492,806,574,35
794,858,749,769,3,785,77,398,351,222,86,375
795,698,151,223,251,844,850,625,487,311,415,365,128,32,847,21,804,3,191,74,868,321,972,16,519,24,965,827,344,255,436,364,19,92,799,516,429,845,627,760,79
796,229,389,518,823,195
797,97,535,617,392,9,895,521,294,838,839,380
798,742,647,712,181,475,281,2,402,456,898,81,376,275,133,455,826,318,706,241,333,668,477,704,236,35,417,622,317,934,956,278,692,496,118,961,73,127,478,185,0,45,821,39
799,344,855,503,427,512
800,505,104,851
801,54,510,87,691,445,271,348,554,95,821,411,628,328,972,601,697,30,378,730,558,153,143,456,144,759,321,803,966,89,504,975,431,0
802,136,418,518,953,884,843,503,469,272,959,391,821,966,667,205,711,579,771,757,320,176,390,394,216,946,458,917,155,270
803,79,76,867,427,236
804,429,409,130,987,867,234,549,404,785,562,360,179,732,730,943,957,588,896,644,380,723,786,68,538,955,65
805,292,583,711,946,108,261,56,650,30,757,219,861,770,886,150,392,895,549,630,642,697,505,350
806
807,767,133,418,345,160,804,480,825,826,623,128,32,596,874,458,450,342,673,957,393,282,903,358,532,791,637,454,937,363,72,164,587,983,633,351,682,360,643,255
808,118,654,882,242,371,492,165,163,351,124,73,213,202,413,436,892,212,849,196,69,806,226,540,633,591,823,910
809,539,39,870,255,26,83,531,478,154,68,482,175,158,117,600,258,698,918,636,768,349,53,560,178,975,474,519,357,516,499,376,687,624,155,208,886,45,62,306,894,457,371,871,392
810
811,0,675,965,6,528,32,296,791,494,444,823,21,11,714,104,35,200,434,841,67,505
812,921,844,874,400,180,597,468,295,320,183,445,984,521,522,245,456,700,677,276,596,177,47,662,185,575,372,288,801,207,326,66,411,655,486,637,933,632,654,786
813,750,834,231,181,738,208,920,61,659,820,243,591,160,679,998,111,625
814,66,957,956,646,742,754,567,234,337,312
815,106,558,649,953,744,846,955,492,59,364,384,769,395,371,598,53,854,4,543
816
817,406,750,207,618,711,65,263,926,177,496,196,981,164
818,557,673,305,253,375,246,658,872,828,967,358,888,186,406,745,333,410,926,631,162,395,882,374,489,945,575,556,133,946,41,262,444,227,128
819,478,894,27,581,100,825
820,397,742,815,543,263,288,424,370,228,994,628,727,123,27,213,884,185,817,45,580,40,118,69,246,949,217,816,803,237,127,679,640,903,196,854,534,130,618,501,471,620,369,697,156
821,445,439,4,980,405,548,342,861,80,348,663,535,130,909,92,500,575,118,809,218,237,31,204,622,188,719,606,773,807,311,57,808,745,619,642,346
822,195,144,541,185,902,814,677,886,179,569,66,94,609,599,142,619,626,434
823,269,178,424,937,929,541,616,813,573,422,907,122,410,581,493,31,784,239,481,790,226
824,241,981,688,625,70,947,536,763,604,789,804,94,699,245,120,926,460,155,347,802,523,128,906
825,947
826,224,75,685,309,432,468,388,144,489,754,76,439,717,772,606,838,146,396,679,369,222,854,112,501,658,551,365,904,776,218,24,740,662,844,316,742,444
827,483,460,576,619,899,372,35,773,913,623,872,621,665,674,448,902,124,829,549,779,254,550,521,695,434,706,569,797,316,500,238
828,642,932,775,179,193,965,57,899,234,136,395,31,979,324,393,204,767,32,999,762,842
829,602,563,795,693,622,490,826,737,232,504,211,213,617,214,752,716,110,142,794,405,704,222,32,549,739,456,329,30,873,573,343,69,145,689,815,707,696,663,507,803,10,163,920,480,586,588
830,31,791,223,432,894,230,61,282,604,70,7,362,666,966,957,671,595
831,748,148,226,965,75,36,37,578,742,450,21,825,413,694,915,176,212,896,995,840,569,237,207,746,822,649,738,109,790
832,424,291,823,323,605,165,140,793,960,893,888,456,743,373,508,936,372,846,815,930,289,934,48,357,810
833,634,660,510,494,282,204,33,801,184,593,665,808,936,315,320,772,447,18,552,112,89,611,845,558,159,981,730,527,646,100
834,558,69,796,163,595,251,386,16,652,774,404,908,101,390,668,68,985,843,378,680,741,633,236,56,519,421,513,574,594,190,838,823,497,70
835,186,178,298,747,374,189,634,401,424,364,860,834,392,179,343,96,6,581,148,619,931,54,648,722,377,290,323,208,765,885,138,388,341,420,940,672,407,106
836,598,640,765,540,779,787,934,666,183,501,773,905,130,928,729,153,770,596,966,150,359,57,815,847,670,323,638,409,537,235,444,279,716,457,833,885,692,785,740,517,918,113,764,805,429,143,604
837,47
838,484,509,682,87,349,248,945,126,489,117,797,452,315
839,140,990,513,586,400,195,595,26,190,334,984,534,521,473,308,705,753
840,716,367,808,181,92,96,576,760,586,853,725,818,189,974,599,688,696,895,748,910,547,186,272,145,166,249,909,554,440,426,587
841,373,414,642,311,772,755,737,299,858,212,744,175,820,966,956,246,161,288,370,987,133,769,176,121,773,324,402,602,667,367,999,733,818,277,334,358,964,356,199,532,206,396,569,522,473,13
842,595,299,114,706,339,252
843,702,670,983,53,678,569,55,745,107,113,38,957,744,216,985,168,970,861,252,654,660,277,471,628,341,758,30,885,715,855,516,54,649,382,224,892
844,106,244,579,234,807,671,500,177,487,315,308,888,952,782,343,62,580,716,637,985,445,765,540,152,145,643,57,31,794,988,929,710,131,740,396,464,437,262,931,298,962,561,382,521,422,581,870,288,2
845,620,999,803,801,639,365
846,276,159,7,684,254,828,650,250,84,756,706,301,28,413,323,359,185,226,524,436,935,361,158,796,426,141,57,246,535,443,358,309,994,681,905,398,940,26,760,536,38,308,87,608,140,345
847,748,884,673,551,929,5,807,575,134,597,127,960,15
848,541,929,318,693,727,405,732,167,819,386,751,804,585,388,818,687,472,610,153,139,432,704,717,132,327,810,808,996,69,656,427,966,979,705,595,871,438,229,803,349,394,603,10,879,489,549,639
849,689,199,904,799,662,188,936,159,837,957,227,881,647,718,745,402,940,932,581,30,114,315,306,468,18,166,723,48,328,27,346,597,264,977,628,54,369,906,993,270,113,360,899,859,405,486,619,782,892,477
850,217,979,490,441,80,737,675,447,958
851,875,675,473,947,326
852,233,773,968,825,8,116,398,92,737,887,80,238,143,990,666,930,912,162,435,14,462,177,614,427,161,66,991,791,307,58,818,564,732,919,453,167,632,955,521,496,989,798,74
853,305,627,344,215,552,243,492,850,444,896,208,220,859,383,801,675
854,647,804,813,590,371,374,425,714,994,595,253,38,221,356,529,16,620,694,928,884,381,910,336,946,896,698,777,373,305,724,99,5,828,793,691,306,504,129,762,453,128,384,148
855,817,616,514,250
856,351,605,698,404,981,190,199,58,372,896
857,780,708,902,740,279,338,581,608,411,895,851,875,923,562,171,76,827,646,649,419,329,734,36,647,690,796,437,880,210,737,707,26,798,143,72,91
858,906,603,235,938,964,298,560,625,297,495,521,558,571,966,375,202,352,217,554,591,55,824,38,563,29,311,180,442,272,684,48,60,874,98,747,252
859,152,398,230,937,351,130,331,812,481,320,553,192,961,242,191,606,663,143,13
860,344,285,886,70,997,779,355,765,489,405,892,970,826,214,767,981,733,564,307,47,667,204,534,420,62,374,176,371,122,558,622,792,911,955,376,201,396,100,97,175,606,579,759,316,103,690
861,15
862,779,960,498,877,608,999,500,701,178,992,987,796,839,432,328,117,719,579,168,113,339,388,986,402,697,950,19,246,964,722,77,518,998,411,124,70
863,924,897,802,831,742,12,815,629,692,821,993,464,378,117,192,797,30,32,704,233,623,352,487,561,959,580,690,723,432,403,7,419
864
865,110,473,991,758,652,808,131,853,997,642,908
866,829,414,370,633,364,460,230,740,879,25,39,840,225,360,546,294,347,457,757,742,520,694,3,915,189,509,639
867,733,194,828,908,164,626,541,616,0,566,469,160,514,915,68,579,482,247,700,236,52,765,137,907,642,200,226,581,710,688,379,578,769,443,958,939,136,440,312,520,272,846,498,396,29
868,391,805,403,121,731,814,543,283,35,691,580,754,293,966,92,228,572,334,307,397,208,843,656,256,594,780,645,54,261,727,717,55,68,325,462,126,631,51,152,329,827,607,907
869,553,451,572,237,280,525,387,47,33,803,354,949,556,358,633,943,320,231,872,350,510,714,812,330,630,21,346,548,114,570,605,501,986,640,889,671,710,566,569,636,389,659,93,144,83
870,501,817,981,409,352,745,520,48,565,957,806,559,891,510,316
871,312,48,123,204,47,540,863,646,974,612,680,888,107,502,509,447,611,432,761,263,163,768,298,384,608,278,307,520,426,460,755,963,947,736,716,284,147,108,63,122
872,519,181,420
873,84,178,505,129,732,510,452,250,777
874,230,132,893,790,710,28,98,123,528
875,998,683,140,150,407,188,595,24,647,639,953,428,334,776,736,920
876,608,694,180,633,649,788,592,624,833,23,252,130,992,766,230,790,772,948,7,573,590,422,280,213,739,834,907,426,399,2,284,514,524,148,246,971,905,271,498,692,966,900,818,309,931,758
877,443,791,544,761,804,518,850,588,83,924,607,160,89,191,86,523,440,385,827,600,893,554
878,680,186,940,7,928,341,760,732,221,136,830,248,700,145,337,462,489,798,639,858,563,266,553,770,409,773,451,464,185,959
879,568,389,923,134,435,556,873,489,707,528,813,501,771,518,11,66,189,945,208,928,390,731,523,998,588,425,467
880,599,57,474,358,853,107,439,868,456,657,905,969,194,492
881,791,281,973,93,458,397,613,609,761,101
882,436,398,778,686,212,860,708,69,332,128,27,784,468,803,871,636,740,536,256,623,693
883,250,667,772,374,730,756,101,420
884,819,569,598,349,174,953,778,613,13,98,785,136,384,923,400,248,312,2,689,316,334,39,112,79,345
885,812,202,348,83,561,661,523,443,397,572,612,823,206,747,408,659,887,223,872,458,283,850,67,806,471,687,501,700,932,690,926,680,570,542,444,423,324,337,106,5,350,401,713,203,929,470,844,220
886,684,915,423,673,47,972,738,604,744,16,420,232,183,694,255,647,610,630,638,371,296,114,821,508,991,680,776,329,151,436,836,964,26,485,685,596,299,200,362,132,425,242
887
888,582,614,650,24,966,562,974,475,871,527
889,512,589,546,444,503,221,694,392,740,90,357,745,534,393,960,208,178,966,883,538,369,578,15,676,590,56,984,361
890,667,619,560
891,150,924,711,138,885,488,949,349,404,708,580,36,659,750,929,628,298,285,664,606,917,357,232,903,90,234,603,774,214,97,613,658,440,239
892,611,241,567,788,782,196,198,273,269,135,228,532,115,909,178,852,951,964,833,417,741,557,474,399,770,61,740,484,124,840,220,129,717,487,98,858,491,68,440,488,233,237,980,208,480
893,540,410,951,818,905,95,179,580,27,143,807,244,620,535,164,732,402,188,755,440,948,958,351,385,964,177,658,118,808,307,577,918,822,214,132,381,190,254,596,358,316,522,147,315,8,186,286,914
894,618,527
895,366,619,201,22,205
896,360,457,104,863,653,93,637,380,546,739,884,290,534,456,952,894,747,220,420,322,296,615,86,743,692,723,425,103,65
897,805,400,276,247,406,611,475,347,567,12,984,431,913,272,895,661,633,582,653,261,320,656,710,89,573,203,981,26,578,98,323,504,785,392,174,44
898,889,439,522,93,94,167,63,227,112,512,962,831,301,251,670,878,526,647,600,13,421,244
899,936,297
900,414,834,107,886,181,87,854,968,636,494,258,321,734,966,620
901,133,408,755,7,490,842,468,966,91,229,254,885,498,433
902,804,889,805,372,375,959,574,896,628,612,881,912,349,344,89,3,175,742,703,379,648,701,436,604,857,535,501,129,692,359,335,472,220,873,690
903,594,227,775,563,235,318,152,264,705,831,154,13,323,468,485,529,142,84,47,981,723,906,754,925,745,484,373,138,696,295,143,270,953,808,761,352,503,653,847,184,177,506,75,229,336,464
904,369,784,80,795,174,540,525,321,802,166,365,600,363,610,347,834
905,607,893,90,292,596,378,194,309,232,347,480,396,321,852,735,932,929,807,734,825,498
906,859,421
907,270,457,924,118,548,186,722,59,959,990,203,914,103,635,525,232,45,12,359,757,396,779,891,801,21,859,764,615,561,877,4,78,921,608,938,84,679,746,71,153,605,141,441,66,461,115,149,667,453
908,662,674,704,929,107,386,280,768,399,976,170
909
910,198,450,349,210,725,103,91,626,382,254,168,745,513,754,13,644,853,608,147,674,219,918,812,640,600,117,166,863,309,599,432,129,690,534
911,33,187,439,666,705,861,747,546,251,915,488,549,378,564,296,11,18,782,636,70,116,453,843,921,822,456,460,594,195,987,680,544,654,14,270,764,106,234,485,558,363,935,914,906,217,682,997,954
912,8,70,429,41,502,411,306,916,409,297,478,428,892,151,689,261,838,493,367,499,24,177,377,784,226,955,322,211,326,436
913,84,123,193,791,241,921,571,728,841,67,671,111,587,771,108,151,462,977,974,999,923,552,847,737,674,337,589,818,763,154
914,255,38,409,773,748,357,335,954
915,828,541,671,971,508,738,73,131,334,238,797,990,682,610,66,120,336,323,360,191,137,189,640
916,747,282,566,751,202,789,89,260,78,144,657,993,328,886,614,513,965
917,846,677,275,112,937,935,819,612,213,685,300,826,913,896,912,915,328,172
918,660,138,82,48,619,753,699,580,867,684,275,144,270,318,151,394,182,576,370,352,616,1,582,860,486,80,11,663,141,68,743,764,621,813,201,808,142,221
919,47,911,522,980,216,564,29,226,807,422,484,548,635,823,571,566,827,107,797,509,933
920,143,707,131,937,177,35,411,97,930,569,442,791,215,112,852,586,991,295,874,380,678,830,848,695,324,2,26,473,554,648,954,602,392,550,873,610,614,317,640,424,813,979,161,229,176,45,455
921,404,694,720,266,217,409,350,693,215,270,77,990,80,722,718,665,571,541,610,962,159,145,973,841,291,682,301,677
922,32,27,552,434,545,529,528,994,151,270,999,2,386,635,366,981,452,601,327
923,188,387,162,764,214
924,182,105,71,7,331,227,643,925,323,517,112,279,160,670,821,334,297,697,999,388,916,86,6,975,896,519,184,488,579,702,147,904,363,163,891,553,76,234,913,802,296,818,400,700,734,30
925,974,349,22,477,992,949,754,730,794,841,716,249,886,141,30
926,372,477,138,281,315,384,539,136,498,376,765,742,359,306,275,374,733,168,75,307,390,522,296,990,972,531,697,78,773,426,363,188,871,352,751,581,710,831,854,647,314,971
927,250,225,624,314,898,209,541
928,672,159,748,590,35,477,765,250,384,655,730,64,75,586,377,713,926,965,18,580,450,1,74,842,911,103,423,514,342,865,403,331,97
929
930,427,686,157,90,394,286,30,49,306,621,129,216,749,624,236,616,780,199,434,896,678,72,153,106,607,900,85,340,9,788,248,801,231,61,734,138,444,514,567,895,595,57,290,471,468,918
931,311,843,911,816,760,553,588,938,647,504,25,236,746,946,917,772,602,718,569,299,735,41,395
932,647,286,569,92,166,714,55,454,131,150,187
933,862,767,376,16,137,938,936,615,782,70,560,291,878,271,712,323,733,585,62,706,395,522,112,602,926,249,959,43,97,204
934,27,452,162,630,458,990
935,788,603,503,831,343,774,20,495
936,676,108,455,155,738,618,9,947,552,339,359,4,646,469,336,436,889,212,183,807,895,915,629,772,277
937,682,629,684,154,335,960,776,193,384,263,504,946,394,914,96,362,144,238,803,607,637,426,888,557,125
938,90,623,503,28,235,936,277,187,525,374,471,145,161,324,895,581,617,299,455,13,103,220,254,863,833,140,506,810,396,676,432,508,789,572,751,823,15,44,522,165,22,903,171,892
939,885,593,482,979,981,409,975,100,894
940,999,685,115,346,971,271,648,994,482,235,849,806,141,610,80,772,152,799,395,393,264,514,29,606,533,384,687,281,987,664,62,540,717
941,40,545,501,89,662,116,39,159,152,967,509,872,853,307,399,625,788,871,822,842,451,0,186,574,67,301,979,907,765,94,948,170,365,481,403,452,157
942,397,502,674,655,667,453,140,192,357,877,932,594,360,444,786,127,131
943,676,352,947,887,180,976,246,179,288,727,905,208,309,914,791,329,752,315,60
944,192,130,798,722,731,520,28,108,776,317,782,113,114,125,395,749,521,724,174,221,336,105,5,30,439,115,278,750
945,204,873,244,437,350,502
946,997,404,652,917,655,855,151,637,582,716,798
947,614,989,230,451,188,931,425,92,389,383,694
948,175,493,799,804,414,919,636,391,576,763,56,377,881,332,879,761,934,957,820,202,256,348,44,473,757,402,401,264,966,504,697,892,607,838,831,771,355,196,419,545,293,896,626,549,758
949,132,3,365,732,708,39
950,521,40,360,384,395,931,432,877,264,763,767,528,565,549,645,649,753,626,712,503,340,374,573,722,306,646,986,415,324,879,493,648,928,365,696,425,745,691
951,422,389,540,597,732,115,683,583,411,388,947,396,35,808,53,393,796,103,765,576,130,293,988,200,165,68,554,475,994,673,866,735,975,722,977,367,912,991,352,547,271,961,768,10,570,48
952,772,627
953,165,930,131,830,795,410,893,196,787,892,998,489,857,26,816,799,936,499,963,840,920,990,954,421,706,945,177,503,810,57,247,245,895,687,292,455,858,663,483,806,52,500,71,350,448,979,2
954
955,874,600,720,404,325,203,889,589,840,384,285
956,523,557,34,831,407,686,278,6,696,720,777,342,670,528,524,934,43
957,880,330,754,327,300,650,69,835,414,388,148,114,352,556,401,413,196,118,113,888,739,226
958,470,935,162,504,330,254,202,337,810,618,725,957,444,28,523,370,707,612,852,293,519,414,22,600,171,312,672,534,195,632,742,792,848,98,859,2,121,112,261
959,655,653,448,133,491,318,40,313,130,629,62,185,950,965,951,309,456,659,344
960,939,591,418,535,85,711,82,295,20,648,936,548,626,639,597,84,405,977,358,627,35,707,875,825,215,865,630,242,886,234,407
961,923,796,674,724,526,370,865,429,356,671,741,165,234,975,327,664,174,930,790,289,983,654,495,376,974,332,612,333
962,237,298,838,565,211,799,534,896,597,570,552,147,47,404,555,99,537,776,39,757,246,418,491,755,322,10,202,236,412,361,885,583
963,715
964
965,498,649,554,524,896,653,365,89,545,525,251,991,363,140,673,114,88,193,533,218,500
966,224,326,122,364,182,63,53,586,509,940,347,969,801,61,396,421,578,882,541,454,946,750,80,850,968,995,324,572,425,465,488,964,821,375,380,69,803,150,971,227,185,398,457,579,180,279,558,117,960
967,772,492,588,127,498,182,198,846,805,934,527,396,600,7,490,332,112,606,103,690,213,602
968,174,520,157,33,147,514,804,179,932,926,613,540,792,469,694,380,324,128,69,789,18,134,478,632
969,26,811,604,810
970,237,684,999,707,625,860,92,933,390,56,395,42
971,313,270,474,822,565,65,369,870,601,297,29,618,758,659
972,714,382,543,196,43,481,842
973,617,936,595,156,812,21,917,766,933,269,187,89,802,844,723,111,693,115,657,210,371,880,580,247,504,682,717,231,807,318,611,715,743,684,396,338,32,413,815,325,292,188,285
974,29,597,146,269,64,525,247,423,59
975
976,782,968,894,921,225,785,203,659,59,458,507,861,171,587,544,419,897,855,937,883
977,376,870,67,188,200,21,13,397,672,723,529,822,236,497,261,989,955,43,852,316,291,127,454,391,834,745,697,825,170,223,381,203,206,444,69,919,166,243,976,594,885,11,101,24,63
978,857,68,461,273,945,45,993,938,94,967,873,381,129,71,474,367,725,974,587,656,673,730,168,38,712,800,80
979,147,101
980,767,110,294,568,224,338,318,661,309,560,295,836,984,902,324,154,961,181,492
981,114,643,985,84,271,752
982,122,305,28,850,733,963,907,308
983
984,386,744,517,0,508,309,470,485,325,824,909,318,177,180,921,528,130,621,163,611,8,348,344,107,220,27,231,56,232,790,719,272,126,745,142,594,464,250,782,730,45,971,424,722,502,874
985,292,679,881,218,301,253,891,115,763,480,550,950,529,750,309,392,780,307,211,863,918,372,441,317,731,76,589,273,810,600,331,432,533,12,795,929,861,607
986,405,570,214,949,38,434,590,25,290,991,552,924,157,411,163,389,145,210,948,762,431,866,917,594,21,497,999,543,535,220,507,499,403,460
987,455,141,804,330,465,347,162,815,760,597,656,654,859,131,638,918,428,291,359,412,367,244,120,782,92,419,847,376,37,295
988,253,182,841,177,974,959,962,700,153,169,149,199
989,320,145,855,949,686,928,518,500,241,891,472,913,154,830,947,747,682,104,234,803,418,815,99,932,513,375,510,271,74,242,412,821
990,782,306,633,69
991,509,49,707,356,193,720,862,391,826
992,680,933,190,672,815,829,879,424,620,533,551,297,288,271,191,477,50,976,198,553,431,21,960
993,740,158,970,234,544,165,784,312,692,175,196,616,43,743,172,830,237,511,413,10,45,851,625,581,96,770,805,964,92,598,450,329,524,20,777
994,171,796,481,37,436,606,233,828,206,93,147,760
995,803,31,328
996,295,483,524,30,601,691,450,977,336,776,399,918,632,380,192,594,467,568,313,930,29,569,187,780,484,438,695,361,648,453,234,849,961,149
997,322,568,86,121,929,825,450,713,823,659,834,562,840,191,617,332,808,603,390,848,98,470,154,249,301,216,880,79,565
998,992,897
999,710,505,275,266,281,277,782,776,963,745,872,991,308,845,233,739,736,414,867,792,500,988,600,596,284,43,342,675,367,756,427,262,775,788,593,113,263,536,913,152,544,48,39
